TowNum,Tow Address,Tow Firm,Firm Address,Firm Phone,Vehicle State,Vehicle Plate,Year,Make,Model,Color,Date ,Time
304069,  50 WILLARD ST,CENTRAL GARAGE," 36 BOND ST. HARTFORD,CT 06114",860-296-1426,CT,512YPD,2005,ACURA,RL,GRAY,2012015,333
304070, 142 CLARK ST,A & N AUTO," 1516,PARK ST,HARTFORD,CT,06106",860-233-7079,CT,9ARHP4,1996,MERCURY,MARQUIS,TAN,2012015,342
304078,  80 POPE PARK HWY,CAPITOL AUTOMOTIVE LLC," 971 CAPITOL AV. HARTFORD,CT 06106",860-236-2602,CT,9ALSE5,2006,HONDA,ODYSSEY,BLUE,2012015,835
304079,  80 POPE PARK HWY,"CENTRAL AUTO & TRANSPORT, LLC"," 195 MAXIM RD. HARTFORD, CT 06114",860-246-7616,,,2010,CHEVROLET,CAMARO,BLACK,2012015,835
304083,  39 CHARTER OAK PL,"CENTRAL AUTO & TRANSPORT, LLC"," 195 MAXIM RD. HARTFORD, CT 06114",860-246-7616,CT,2AFMB5,2004,KIA,OPTIMA,RED,2012015,15
304084,  20 CHARTER OAK PL,"CENTRAL AUTO & TRANSPORT, LLC"," 195 MAXIM RD. HARTFORD, CT 06114",860-246-7616,CT,820RWH,2002,NISSAN,MAXIMA,TAN,2012015,16
304085,  16 GROTON ST,MODERN GARAGE," 100A,AIRPORT RD,HARTFORD,CT,06114",860-296-9663,CT,6ALJL7,2004,NISSAN,MAXIMA,TAN,2012015,20
304086,  16 GROTON ST,MODERN GARAGE," 100A,AIRPORT RD,HARTFORD,CT,06114",860-296-9663,CT,6ALFA4,2014,NISSAN,ALTIMA,BLU,2012015,25
304087,  36 GROTON ST,"CENTRAL AUTO & TRANSPORT, LLC"," 195 MAXIM RD. HARTFORD, CT 06114",860-246-7616,CT,4AAER6,2004,CHEVY,VENTURE,GRY,2012015,25
304088,  41 LISBON ST,"CENTRAL AUTO & TRANSPORT, LLC"," 195 MAXIM RD. HARTFORD, CT 06114",860-246-7616,MA,2DV325,2015,DODGE,DART,GRY,2012015,33
304089,  25 NORWICH ST,MODERN GARAGE," 100A,AIRPORT RD,HARTFORD,CT,06114",860-296-9663,CT,5ADVD1,2007,HONDA,ACCORD,GRY,2012015,37
304090,  16 PATSIE WILLIAMS WAY,MODERN GARAGE," 100A,AIRPORT RD,HARTFORD,CT,06114",860-296-9663,CT,476ZPD,2009,NISSAN,MAXIMA,GRY,2012015,40
304091,  77 WYLLYS ST,"CENTRAL AUTO & TRANSPORT, LLC"," 195 MAXIM RD. HARTFORD, CT 06114",860-246-7616,CT,144ZNL,1993,TOYOTA,COROLLA,BRO,2012015,48
304092,  77 WYLLYS ST,"CENTRAL AUTO & TRANSPORT, LLC"," 195 MAXIM RD. HARTFORD, CT 06114",860-246-7616,CT,9AGJF7,2002,OLDS,BRAVADA,BLU,2012015,50
304093, 530 BROAD ST,FRIENDLY AUTO BODY & TOWING," 99 MEADOW ST.  HARTFORD, CT. 06114",860-296-8588,NY,GGM1879,2013,FORD,FUSION,GRY,2012015,108
304094, 686 BROAD ST,BENTON AUTO BODY," 155 FRANKLIN AV. HARTFORD, CT 06114",860-246-7771,CT,8AHBE8,2004,CHEV,BLAZER,WHI,2012015,109
304095, 809 BROAD ST,FRIENDLY AUTO BODY & TOWING," 99 MEADOW ST.  HARTFORD, CT. 06114",860-296-8588,CT,451NHA,1999,JEEP,CHEROKEE,BLK,2012015,112
304096, 883 BROAD ST,FRIENDLY AUTO BODY & TOWING," 99 MEADOW ST.  HARTFORD, CT. 06114",860-296-8588,CT,9ANBN2,2004,HYNDAI,ELANTRA,BLK,2012015,2358
304097, 883 BROAD ST,BENTON AUTO BODY," 155 FRANKLIN AV. HARTFORD, CT 06114",860-246-7771,MS,DFM918,1998,TOYT,4 RUNNER,BLK,2012015,2358
304098, 883 BROAD ST,FRIENDLY AUTO BODY & TOWING," 99 MEADOW ST.  HARTFORD, CT. 06114",860-296-8588,TX,2482AU,1997,FORD,F150,RED,2012015,2358
304099, 980 BROAD ST,BENTON AUTO BODY," 155 FRANKLIN AV. HARTFORD, CT 06114",860-246-7771,MA,345ZM6,2014,TOYT,COROLLA,RED,2012015,2358
304100,1090 BROAD ST,FRIENDLY AUTO BODY & TOWING," 99 MEADOW ST.  HARTFORD, CT. 06114",860-296-8588,,,2004,HOND,PILOT,BLK,2012015,2358
304101,1090 BROAD ST,FRIENDLY AUTO BODY & TOWING," 99 MEADOW ST.  HARTFORD, CT. 06114",860-296-8588,CT,4APRE2,1998,BUICK,REGAL,GRN,2012015,2358
304103,1640 BROAD ST,FRIENDLY AUTO BODY & TOWING," 99 MEADOW ST.  HARTFORD, CT. 06114",860-296-8588,CT,3ANAU3,2014,NISS,MAX,BLK,2012015,2359
304104,1640 BROAD ST,FRIENDLY AUTO BODY & TOWING," 99 MEADOW ST.  HARTFORD, CT. 06114",860-296-8588,CT,4AKUM5,1992,TOYT,CAMRY,TAN,2012015,2359
304105,1640 BROAD ST,BENTON AUTO BODY," 155 FRANKLIN AV. HARTFORD, CT 06114",860-246-7771,CT,9AKEU0,1999,NISS,QUEST,GRY,2012015,2359
304106,   2 ALLEN PL,BENTON AUTO BODY," 155 FRANKLIN AV. HARTFORD, CT 06114",860-246-7771,CT,366ZXJ,2004,HONDA,CIVC,GRY,2012015,2359
304107,  22 ALLEN PL,FRIENDLY AUTO BODY & TOWING," 99 MEADOW ST.  HARTFORD, CT. 06114",860-296-8588,CT,4AFKK2,2003,HOND,ACC,GRY,2012015,2359
304108,  34 ALLEN PL,FRIENDLY AUTO BODY & TOWING," 99 MEADOW ST.  HARTFORD, CT. 06114",860-296-8588,CT,1N732,1993,SUBA,LEGACY,BLU,2022015,0
304109,  48 ALLEN PL,FRIENDLY AUTO BODY & TOWING," 99 MEADOW ST.  HARTFORD, CT. 06114",860-296-8588,CT,3APEG9,2001,TOYT,CAMRY,WHT,2022015,0
304110, 148 ALLEN PL,BENTON AUTO BODY," 155 FRANKLIN AV. HARTFORD, CT 06114",860-246-7771,CT,0AGNG9,2003,MITS,ECLIPSE,BLK,2022015,0
304111, 140 ALLEN PL,BENTON AUTO BODY," 155 FRANKLIN AV. HARTFORD, CT 06114",860-246-7771,TN,J9879P,2013,MAZDA,3,GRY,2022015,0
304112, 142 ALLEN PL,FRIENDLY AUTO BODY & TOWING," 99 MEADOW ST.  HARTFORD, CT. 06114",860-296-8588,CT,1AEFH1,2002,HYUN,ELANTRA,GRY,2022015,0
304113,  62 ALBANY AV,CROSS COUNTRY AUTO," 585 WINDOSR ST. HARTFORD, CT 06120",860-296-2826,CT,5ARGV2,2000,HONDA,ACCORD,BLK,2022015,2358
304114,  62 ALBANY AV,CROSS COUNTRY AUTO," 585 WINDOSR ST. HARTFORD, CT 06120",860-296-2826,CT,4AKJG6,2004,CHEVY,VENTURE,GRY,2022015,15
304115,  88 CHESTNUT ST,CAPITOL TOWING," 181-211 WALNUT ST. HARTFORD, CT. 06120",860-293-2442,CT,124YZS,2002,JEEP,GR CHEROKE,GRY,2022015,23
304116, 100 CHESTNUT ST,CAPITOL TOWING," 181-211 WALNUT ST. HARTFORD, CT. 06120",860-293-2442,CT,2AALD1,1996,MERCURY,SABLE,RED,2022015,30
304117, 100 CHESTNUT ST,CROSS COUNTRY AUTO," 585 WINDOSR ST. HARTFORD, CT 06120",860-296-2826,CT,6APLT2,2001,FORD,TAURUS,BLU,2022015,33
304118,  69 EDWARDS ST,CROSS COUNTRY AUTO," 585 WINDOSR ST. HARTFORD, CT 06120",860-296-2826,CT,1AGSX3,2004,NISSAN,MAXIMA,TAN,2022015,40
304119,  29 WILLIAMS ST,CAPITOL TOWING," 181-211 WALNUT ST. HARTFORD, CT. 06120",860-293-2442,CT,8AKUP7,1995,HONDA,ACCORD,WHI,2022015,43
304120,  21 WILLIAMS ST,CROSS COUNTRY AUTO," 585 WINDOSR ST. HARTFORD, CT 06120",860-296-2826,CT,1AMEG6,2000,NISSAN,QUEST,GRN,2022015,47
304121,   1 LIBERTY ST,CAPITOL TOWING," 181-211 WALNUT ST. HARTFORD, CT. 06120",860-293-2442,CT,6ARHT6,1995,TOYOTA,TERCEL,RED,2022015,51
304122, 369 ALBANY AV,CAPITOL TOWING," 181-211 WALNUT ST. HARTFORD, CT. 06120",860-293-2442,CT,537ZVP,2007,DODGE,CHARGER,BLK,2022015,100
304123,  88 EDGEWOOD ST,WHITEY'S FRAME SHOP," 305 WEST SERVICE RD. HARTFORD, CT 06120",860-246-6871,CT,179ZRU,2003,NISSAN,MURANO,BLU,2022015,11
304124,  88 EDGEWOOD ST,WHITEY'S FRAME SHOP," 305 WEST SERVICE RD. HARTFORD, CT 06120",860-246-6871,CT,501ZNV,2009,HONDA,ACCORD,BLK,2022015,34
304125,  80 STERLING ST,WHITEY'S FRAME SHOP," 305 WEST SERVICE RD. HARTFORD, CT 06120",860-246-6871,NY,GTR3687,2015,HYUNDAI,SONOTA,GRY,2022015,2
304126,  64 STERLING ST,WHITEY'S FRAME SHOP," 305 WEST SERVICE RD. HARTFORD, CT 06120",860-246-6871,MA,441RA1,2014,NISSAN,MAXIMA,GRY,2022015,2
304127,  80 OAKLAND TER,WHITEY'S FRAME SHOP," 305 WEST SERVICE RD. HARTFORD, CT 06120",860-246-6871,CT,490YNZ,1994,OLDS,CUTLASS,GRN,2022015,208
304128,  24 OAKLAND TER,WHITEY'S FRAME SHOP," 305 WEST SERVICE RD. HARTFORD, CT 06120",860-246-6871,CT,509YOF,2001,HONDA,ACCORD,TAN,2022015,237
304129,  10 DEERFIELD AV,WHITEY'S FRAME SHOP," 305 WEST SERVICE RD. HARTFORD, CT 06120",860-246-6871,CT,8AJBF8,1996,HONDA,ACCORD,TAN,2022015,253
304130,  66 DEERFIELD AV,WHITEY'S FRAME SHOP," 305 WEST SERVICE RD. HARTFORD, CT 06120",860-246-6871,CT,924ZVA,2006,ACURA,RL,GRY,2022015,307
304131,  51 LENOX ST,WHITEY'S FRAME SHOP," 305 WEST SERVICE RD. HARTFORD, CT 06120",860-246-6871,CT,2AMUE3,2001,MITSBUISHI,GALANT,WHI,2022015,326
304132,  66 LENOX ST,WHITEY'S FRAME SHOP," 305 WEST SERVICE RD. HARTFORD, CT 06120",860-246-6871,CT,561XSO,2006,CHRYSLER,TOWN&COUNT,BLU,2022015,326
304133, 129 CUMBERLAND ST,A & N AUTO," 1516,PARK ST,HARTFORD,CT,06106",860-233-7079,CT,271ZPX,1989,DODGE,DYNASTY,TAN,2022015,4
304134,  11 SOMERS ST,A & N AUTO," 1516,PARK ST,HARTFORD,CT,06106",860-233-7079,CT,157ZFG,2012,TOYOTA,COROLLA,BLACK,2022015,4
304135, 257 MOUNTAIN ST,A & N AUTO," 1516,PARK ST,HARTFORD,CT,06106",860-233-7079,CT,4AFXF7,2001,CADILAC,CATERA,RED,2022015,4
304136, 175 HARVARD ST,CAPITOL AUTOMOTIVE LLC," 971 CAPITOL AV. HARTFORD,CT 06106",860-236-2602,CT,314ZLC,1997,TOYOTA,AVALON,TAN,2022015,4
304137,  92 HARVARD ST,CAPITOL AUTOMOTIVE LLC," 971 CAPITOL AV. HARTFORD,CT 06106",860-236-2602,CT,313ZYH,2012,NISSAN,ALTIMA,BLACK,2022015,4
304140,  25 HARVARD ST,A & N AUTO," 1516,PARK ST,HARTFORD,CT,06106",860-233-7079,CT,4ARNP4,2004,NISS,ALTIMA,BLK,2022015,4
304141,  92 ROGER ST,A & N AUTO," 1516,PARK ST,HARTFORD,CT,06106",860-233-7079,CT,993ZLR,2004,HYUN,XG350,GRY,2022015,4
304142,  76 NILAN ST,A & N AUTO," 1516,PARK ST,HARTFORD,CT,06106",860-233-7079,CT,2AKUP1,2002,NISSAN,SENTRA,TAN,2022015,4
304143,  66 EDGEWOOD ST,WHITEY'S FRAME SHOP," 305 WEST SERVICE RD. HARTFORD, CT 06120",860-246-6871,CT,3ADUF5,2004,INFINITI,I35,GRY,2022015,11
304144,  17 EDGEWOOD ST,WHITEY'S FRAME SHOP," 305 WEST SERVICE RD. HARTFORD, CT 06120",860-246-6871,CT,YR4456,1998,NISS,MAXIMA,TAN,2022015,12
304145,  74 STERLING ST,WHITEY'S FRAME SHOP," 305 WEST SERVICE RD. HARTFORD, CT 06120",860-246-6871,PA,HWZ6080,1997,PLYMOTH,SW,GREEN,2022015,12
304147,  47 OAKLAND TER,WHITEY'S FRAME SHOP," 305 WEST SERVICE RD. HARTFORD, CT 06120",860-246-6871,CT,561XPJ,2001,SUBARU,FORRESTER,RED,2022015,12
304148,  47 OAKLAND TER,WHITEY'S FRAME SHOP," 305 WEST SERVICE RD. HARTFORD, CT 06120",860-246-6871,CT,802ZZA,2007,NISSAN,ALTIMA,GRY,2022015,12
304149,  58 CABOT ST,WHITEY'S FRAME SHOP," 305 WEST SERVICE RD. HARTFORD, CT 06120",860-246-6871,CT,4AHNM1,2005,TOYOTA,COROLLA,GRY,2022015,105
304150,  46 LENOX ST,WHITEY'S FRAME SHOP," 305 WEST SERVICE RD. HARTFORD, CT 06120",860-246-6871,CT,3AKET7,2001,DODGE,CARAVAN,WHI,2022015,403
304151, 901 TOWER AV,WHITEY'S FRAME SHOP," 305 WEST SERVICE RD. HARTFORD, CT 06120",860-246-6871,MA,2AA313,2014,FORD,FUSION,GRAY,2022015,13
304152,  43 BALTIC ST,WHITEY'S FRAME SHOP," 305 WEST SERVICE RD. HARTFORD, CT 06120",860-246-6871,CT,0ABJM3,2001,HONDA,ACCORD,WHITE,2022015,13
304153,   9 FREDERICK ST,WHITEY'S FRAME SHOP," 305 WEST SERVICE RD. HARTFORD, CT 06120",860-246-6871,CT,388XPE,2005,ACURA,TSX  4DR,GRY,2022015,13
304154, 141 COLLINS ST,"CORONA'S AUTO PARTS,INC.", 608 WETHERSFIELD AV. HARTFORD CT. 06114,860-296-5382,CT,688ZUD,2013,TOYOTA,COROLLA,BLK,2022015,23
304155, 141 COLLINS ST,"CORONA'S AUTO PARTS,INC.", 608 WETHERSFIELD AV. HARTFORD CT. 06114,860-296-5382,CT,9ASDH1,2004,PONTIAC,MONTANA,RED,2022015,25
304156, 141 COLLINS ST,"CORONA'S AUTO PARTS,INC.", 608 WETHERSFIELD AV. HARTFORD CT. 06114,860-296-5382,CT,5ARBM3,2012,HYUNDAI,SONATA,BLU,2022015,45
304157, 141 COLLINS ST,"CORONA'S AUTO PARTS,INC.", 608 WETHERSFIELD AV. HARTFORD CT. 06114,860-296-5382,CT,3AFHH3,2007,NISSAN,MAXIMA,TAN,2022015,52
304158, 167 COLLINS ST,"CORONA'S AUTO PARTS,INC.", 608 WETHERSFIELD AV. HARTFORD CT. 06114,860-296-5382,NY,GLP6654,2005,MAZDA,6,ORG,2022015,107
304159, 167 COLLINS ST,"CORONA'S AUTO PARTS,INC.", 608 WETHERSFIELD AV. HARTFORD CT. 06114,860-296-5382,CT,387ZED,1999,HONDA,ODYSSEY,BRO,2022015,116
304160, 151 COLLINS ST,"CORONA'S AUTO PARTS,INC.", 608 WETHERSFIELD AV. HARTFORD CT. 06114,860-296-5382,CT,8APMA5,2002,TOYOTA,SEQUOIA,GRY,2022015,132
304161, 221 COLLINS ST,"CORONA'S AUTO PARTS,INC.", 608 WETHERSFIELD AV. HARTFORD CT. 06114,860-296-5382,CT,5AKJV6,2008,SCION,TC,BLK,2022015,147
304162, 221 COLLINS ST,"CORONA'S AUTO PARTS,INC.", 608 WETHERSFIELD AV. HARTFORD CT. 06114,860-296-5382,CT,7AEEP0,2009,HONDA,ACCORD,BLU,2022015,157
304163, 235 COLLINS ST,"CORONA'S AUTO PARTS,INC.", 608 WETHERSFIELD AV. HARTFORD CT. 06114,860-296-5382,CT,2AEJP0,2007,NISSAN,ALTIMA,GRY,2022015,216
304164,  92 VICTORIA RD,RENO'S AUTO BODY," 525 FRANKLIN AV. HARTFORD, CT 06114",860-296-1518,CT,6CL303,2012,CHEVR,E35,BLU,2022015,16
304165, 140 VICTORIA RD,RENO'S AUTO BODY," 525 FRANKLIN AV. HARTFORD, CT 06114",860-296-1518,CT,1AFKL6,2003,CHEV,IMPALA,WHITE,2022015,16
304166,   1 VICTORIA RD,CAPITOL AUTOMOTIVE LLC," 971 CAPITOL AV. HARTFORD,CT 06106",860-236-2602,CT,560UBZ,2002,MITSU,GALANT,GRY,2022015,16
304167, 166 CAPITOL AV,RENO'S AUTO BODY," 525 FRANKLIN AV. HARTFORD, CT 06114",860-296-1518,CT,9ANMK8,2000,HONDA,CIVIC,GRN,2022015,16
304168,   1 VICTORIA RD,RENO'S AUTO BODY," 525 FRANKLIN AV. HARTFORD, CT 06114",860-296-1518,CT,6AESM8,2008,HOND,ODYSSEY,GRY,2022015,16
304171,  32 CHESTER ST,RENO'S AUTO BODY," 525 FRANKLIN AV. HARTFORD, CT 06114",860-296-1518,CT,05CR79,2005,FORD,X14,BLUE,2022015,17
304172,  58 EATON ST,RENO'S AUTO BODY," 525 FRANKLIN AV. HARTFORD, CT 06114",860-296-1518,CT,439TRA,2012,DODGE,AVENGER,GRY,2022015,17
304173,  58 EATON ST,RENO'S AUTO BODY," 525 FRANKLIN AV. HARTFORD, CT 06114",860-296-1518,CT,569ZEL,2002,TOYT,CAMRY,RED,2022015,17
304174,  95 MAPLE AV,METRO AUTOBODY & TOWING INC, 722 WETHERSFIELD AV  HARTFORD CT 06114,860-947-3062,CT,741ZYL,2002,FORD,FOCUS,GRY,2022015,22
304175,  95 MAPLE AV,METRO AUTOBODY & TOWING INC, 722 WETHERSFIELD AV  HARTFORD CT 06114,860-947-3062,CT,221ZDA,2003,ACUR,3 2TL,BLK,2022015,22
304176,  40 ESSEX ST,METRO AUTOBODY & TOWING INC, 722 WETHERSFIELD AV  HARTFORD CT 06114,860-947-3062,CT,246ZYA,2008,SAA,93,BLK,2022015,22
304179,  39 PAWTUCKET ST,METRO AUTOBODY & TOWING INC, 722 WETHERSFIELD AV  HARTFORD CT 06114,860-947-3062,CT,124TUT,2004,TOYT,4RUNNER,WHITE,2022015,22
304182,  57 SHULTAS PL,"CENTRAL AUTO & TRANSPORT, LLC"," 195 MAXIM RD. HARTFORD, CT 06114",860-246-7616,CT,713ZPX,1992,TOYT,COROLLA,WHITE,2022015,22
304183,  57 SHULTAS PL,METRO AUTOBODY & TOWING INC, 722 WETHERSFIELD AV  HARTFORD CT 06114,860-947-3062,CT,9555CZ,2000,BMW,528I,BLUE,2022015,22
304184, 157 WETHERSFIELD AV,MODERN GARAGE," 100A,AIRPORT RD,HARTFORD,CT,06114",860-296-9663,CT,L6187L,2006,DODGE,STRATUS,WHI,2022015,108
304185, 155 WETHERSFIELD AV,"CENTRAL AUTO & TRANSPORT, LLC"," 195 MAXIM RD. HARTFORD, CT 06114",860-246-7616,CT,1AMAH9,1996,HONDA,CIVIC,GRN,2022015,109
304186, 149 WETHERSFIELD AV,"CENTRAL AUTO & TRANSPORT, LLC"," 195 MAXIM RD. HARTFORD, CT 06114",860-246-7616,CT,5AEFK8,2003,VOLKSWAGON,JETTA,GRN,2022015,112
304187, 306 WETHERSFIELD AV,"CENTRAL AUTO & TRANSPORT, LLC"," 195 MAXIM RD. HARTFORD, CT 06114",860-246-7616,CT,188NLA,2000,HONDA,ACCORD,BLK,2022015,130
304188, 297 WETHERSFIELD AV,MODERN GARAGE," 100A,AIRPORT RD,HARTFORD,CT,06114",860-296-9663,CT,828ZXY,2006,CADILLAC,STS,BLK,2022015,127
304189, 306 WETHERSFIELD AV,"CENTRAL AUTO & TRANSPORT, LLC"," 195 MAXIM RD. HARTFORD, CT 06114",860-246-7616,CT,896YSJ,2006,ACURA,MDX,BLK,2022015,130
304190, 306 WETHERSFIELD AV,MODERN GARAGE," 100A,AIRPORT RD,HARTFORD,CT,06114",860-296-9663,CT,5AKES8,2002,NISSAN,ALTIMA,GRY,2022015,130
304191, 415 WETHERSFIELD AV,"CENTRAL AUTO & TRANSPORT, LLC"," 195 MAXIM RD. HARTFORD, CT 06114",860-246-7616,CT,5AGWD0,2011,HONDA,CIVIC,BLK,2022015,144
304192, 415 WETHERSFIELD AV,"CENTRAL AUTO & TRANSPORT, LLC"," 195 MAXIM RD. HARTFORD, CT 06114",860-246-7616,CT,3ADHB7,2002,ACURA,TL,GRY,2022015,145
304194, 468 WETHERSFIELD AV,MODERN GARAGE," 100A,AIRPORT RD,HARTFORD,CT,06114",860-296-9663,CT,2ALEF8,2001,NISSAN,SENTRA,TAN,2022015,155
304195, 186 WETHERSFIELD AV,MODERN GARAGE," 100A,AIRPORT RD,HARTFORD,CT,06114",860-296-9663,IA,SG2826,2006,FREIGHTLIN,TT,WHI,2022015,210
304196, 487 WETHERSFIELD AV,"CENTRAL AUTO & TRANSPORT, LLC"," 195 MAXIM RD. HARTFORD, CT 06114",860-246-7616,CT,4ABNM7,2010,HYUNDAI,SANTE FE,BLK,2022015,220
304197, 554 WETHERSFIELD AV,"CENTRAL AUTO & TRANSPORT, LLC"," 195 MAXIM RD. HARTFORD, CT 06114",860-246-7616,CT,8AFUU9,2002,MITSBUISHI,GALANT,BLK,2022015,228
304198, 545 WETHERSFIELD AV,MODERN GARAGE," 100A,AIRPORT RD,HARTFORD,CT,06114",860-296-9663,CT,5AJBB4,2007,HONDA,ACCORD,GRY,2022015,232
304199, 545 WETHERSFIELD AV,MODERN GARAGE," 100A,AIRPORT RD,HARTFORD,CT,06114",860-296-9663,CT,8APMM7,2003,KIA,SEDONA,BLK,2022015,230
304200, 555 WETHERSFIELD AV,"CENTRAL AUTO & TRANSPORT, LLC"," 195 MAXIM RD. HARTFORD, CT 06114",860-246-7616,CT,4045DB,2001,DODGE,DAKOTA,RED,2022015,230
304201, 570 WETHERSFIELD AV,"CENTRAL AUTO & TRANSPORT, LLC"," 195 MAXIM RD. HARTFORD, CT 06114",860-246-7616,CT,403ZXJ,2006,SUBARU,TRIBECA,GRY,2022015,240
304202,  37 EAST ELLIOTT ST,"CENTRAL AUTO & TRANSPORT, LLC"," 195 MAXIM RD. HARTFORD, CT 06114",860-246-7616,CT,8AJBF4,2006,TOYOTA,SCION,RED,2022015,57
304203, 276 WAWARME AV,MODERN GARAGE," 100A,AIRPORT RD,HARTFORD,CT,06114",860-296-9663,CT,0ARHS7,2001,VOLVO,S80,BLACK,2022015,57
304204,  58 EATON ST,RENO'S AUTO BODY," 525 FRANKLIN AV. HARTFORD, CT 06114",860-296-1518,CT,7AMUA6,2000,NISS,ALTIMA,GRY,2022015,100
304205, 900 WETHERSFIELD AV,RENO'S AUTO BODY," 525 FRANKLIN AV. HARTFORD, CT 06114",860-296-1518,CT,204XXV,2002,VOLKSWAGON,JETTA,GRY,2022015,16
304206, 453 ALBANY AV,CROSS COUNTRY AUTO," 585 WINDOSR ST. HARTFORD, CT 06120",860-296-2826,,,2007,NISSAN,ALTIMA,GRY,2022015,112
304207,  47 BEDFORD ST,CAPITOL TOWING," 181-211 WALNUT ST. HARTFORD, CT. 06120",860-293-2442,CT,9AMEE8,2003,MAZDA,6,YELLOW,2022015,112
304208,  53 BEDFORD ST,CAPITOL TOWING," 181-211 WALNUT ST. HARTFORD, CT. 06120",860-293-2442,CT,5078CL,1996,MAZDA,B2300,GREEN,2022015,112
304209, 303 GARDEN ST,CROSS COUNTRY AUTO," 585 WINDOSR ST. HARTFORD, CT 06120",860-296-2826,CT,3AMEB2,1990,HONDA,ACCRD  4DR,GRN,2022015,112
304210, 319 GARDEN ST,CROSS COUNTRY AUTO," 585 WINDOSR ST. HARTFORD, CT 06120",860-296-2826,CT,9APAL6,2000,DODGE,CARAVAN,GRAY,2022015,112
304211, 304 GARDEN ST,CAPITOL TOWING," 181-211 WALNUT ST. HARTFORD, CT. 06120",860-293-2442,CT,1AFUV3,2004,DODGW,DURANGO,TAN,2022015,113
304212, 308 GARDEN ST,CAPITOL TOWING," 181-211 WALNUT ST. HARTFORD, CT. 06120",860-293-2442,CT,3ABJT0,2007,CHEVY,EQUINOX,GRAY,2022015,113
304213,  46 IRVING ST,CROSS COUNTRY AUTO," 585 WINDOSR ST. HARTFORD, CT 06120",860-296-2826,CT,907ZGS,2008,HONDA,ACCORD,GRAY,2022015,113
304214,  20 IRVING ST,CAPITOL TOWING," 181-211 WALNUT ST. HARTFORD, CT. 06120",860-293-2442,CT,776TTY,2005,DODGE,MAGNUM,GRAY,2022015,113
304216,  57 SHULTAS PL,METRO AUTOBODY & TOWING INC, 722 WETHERSFIELD AV  HARTFORD CT 06114,860-947-3062,MA,2FD198,2001,CHRYSLER,PT,BLACK,2022015,118
304217,  57 SHULTAS PL,METRO AUTOBODY & TOWING INC, 722 WETHERSFIELD AV  HARTFORD CT 06114,860-947-3062,CT,974YCV,1996,CHEV,LUMINA,WHITE,2022015,118
304218, 100 BENTON ST,METRO AUTOBODY & TOWING INC, 722 WETHERSFIELD AV  HARTFORD CT 06114,860-947-3062,CT,1ALEK7,2000,HOND,CIVIC,GRY,2022015,118
304220,  33 BENTON ST,CENTRAL GARAGE," 36 BOND ST. HARTFORD,CT 06114",860-296-1426,CT,9430CS,1978,CADILAC,DEVILLE,YELLOW,2022015,118
304221, 100 BENTON ST,CENTRAL GARAGE," 36 BOND ST. HARTFORD,CT 06114",860-296-1426,CT,6ARHW8,2002,NISSAN,ALTIMA,GRY,2022015,118
304222, 100 BENTON ST,CENTRAL GARAGE," 36 BOND ST. HARTFORD,CT 06114",860-296-1426,CT,171UJS,2000,TOYT,CAMRY,GRY,2022015,118
304223,  24 WARNER ST,METRO AUTOBODY & TOWING INC, 722 WETHERSFIELD AV  HARTFORD CT 06114,860-947-3062,CT,3AJHP9,1998,JEEP,GRAND CH,GRY,2022015,118
304224,  24 WARNER ST,METRO AUTOBODY & TOWING INC, 722 WETHERSFIELD AV  HARTFORD CT 06114,860-947-3062,CT,659ZVV,2004,FORD,ECONOLIN,WHI,2022015,118
304225,  24 WARNER ST,CENTRAL GARAGE," 36 BOND ST. HARTFORD,CT 06114",860-296-1426,CT,590MPM,2001,NISSAN,PATHFINDER,BLU,2022015,118
304226, 900 WETHERSFIELD AV,CAPITOL TOWING," 181-211 WALNUT ST. HARTFORD, CT. 06120",860-293-2442,CT,8AKRF4,2011,HONDA,ACCORD,GRN,2022015,16
304227, 900 WETHERSFIELD AV,RENO'S AUTO BODY," 525 FRANKLIN AV. HARTFORD, CT 06114",860-296-1518,CT,4AJHM0,1995,DODGE,INTREPID,TAN,2022015,17
304228, 950 WETHERSFIELD AV,RENO'S AUTO BODY," 525 FRANKLIN AV. HARTFORD, CT 06114",860-296-1518,CT,7AJBF4,2001,NISSAN,MAXIMA,BLK,2022015,17
304229, 990 WETHERSFIELD AV,CAPITOL TOWING," 181-211 WALNUT ST. HARTFORD, CT. 06120",860-293-2442,FL,959LCG,2014,CADILLAC,SRX,BLK,2022015,129
304230, 843 WETHERSFIELD AV,RENO'S AUTO BODY," 525 FRANKLIN AV. HARTFORD, CT 06114",860-296-1518,CT,6AEAX5,2001,VOLKSWAGON,JETTA,BLK,2022015,131
304231, 820 WETHERSFIELD AV,CAPITOL TOWING," 181-211 WALNUT ST. HARTFORD, CT. 06120",860-293-2442,CT,9AMFB7,2012,NISSAN,VERSA,GRY,2022015,135
304232, 820 WETHERSFIELD AV,RENO'S AUTO BODY," 525 FRANKLIN AV. HARTFORD, CT 06114",860-296-1518,CT,4ALMW9,2007,HONDA,ACCORD,GRY,2022015,140
304233, 800 WETHERSFIELD AV,RENO'S AUTO BODY," 525 FRANKLIN AV. HARTFORD, CT 06114",860-296-1518,CT,564ZDV,2008,NISSAN,ROGUE,GRY,2022015,143
304235,  11 PLYMOUTH ST,CAPITOL TOWING," 181-211 WALNUT ST. HARTFORD, CT. 06120",860-293-2442,CT,713XNJ,2003,NISSAN,PATHFINDER,BLU,2022015,156
304236, 150 ROOSEVELT ST,RENO'S AUTO BODY," 525 FRANKLIN AV. HARTFORD, CT 06114",860-296-1518,CT,817CZS,1996,FORD,E150,WHI,2022015,234
304237,  89 PLYMOUTH ST,RENO'S AUTO BODY," 525 FRANKLIN AV. HARTFORD, CT 06114",860-296-1518,CT,675ZWR,2002,FORD,EXPLORER,GRN,2022015,200
304238, 556 FRANKLIN AV,CAPITOL AUTOMOTIVE LLC," 971 CAPITOL AV. HARTFORD,CT 06106",860-236-2602,CT,1ARGG5,2002,CHEVY,CAVALIER,GRN,2022015,211
304239,   2 BALDWIN ST,RENO'S AUTO BODY," 525 FRANKLIN AV. HARTFORD, CT 06114",860-296-1518,CT,1AGXB9,2014,NISSAN,ALTIMA,WHI,2022015,216
304240, 160 ROOSEVELT ST,RENO'S AUTO BODY," 525 FRANKLIN AV. HARTFORD, CT 06114",860-296-1518,CT,977YUT,2010,CHEVY,MALIBU,TAN,2022015,228
304241, 300 SUMMIT ST,FRIENDLY AUTO BODY & TOWING," 99 MEADOW ST.  HARTFORD, CT. 06114",860-296-8588,CT,918XOS,2008,VOLV,XC70,TAN,2022015,135
304242, 300 SUMMIT ST,FRIENDLY AUTO BODY & TOWING," 99 MEADOW ST.  HARTFORD, CT. 06114",860-296-8588,CT,210LDP,2005,CHEVY,EQUINOX,WHT,2022015,135
304243, 110 CRESCENT ST,FRIENDLY AUTO BODY & TOWING," 99 MEADOW ST.  HARTFORD, CT. 06114",860-296-8588,MA,928SA8,2004,ACURA,TL,GRY,2022015,135
304244, 110 CRESCENT ST,BENTON AUTO BODY," 155 FRANKLIN AV. HARTFORD, CT 06114",860-246-7771,ME,8094TG,2007,TOYT,PRIUS,BLK,2022015,135
304245, 110 CRESCENT ST,BENTON AUTO BODY," 155 FRANKLIN AV. HARTFORD, CT 06114",860-246-7771,MA,221NK5,2012,HONDA,CIVIC,BLUE,2022015,135
304246, 100 CRESCENT ST,FRIENDLY AUTO BODY & TOWING," 99 MEADOW ST.  HARTFORD, CT. 06114",860-296-8588,MA,37393,2008,VW,JETTA,WHT,2022015,136
304247,  49 CRESCENT ST,FRIENDLY AUTO BODY & TOWING," 99 MEADOW ST.  HARTFORD, CT. 06114",860-296-8588,MA,498ZW5,2012,FORD,ESCAPE,BLK,2022015,136
304248,  37 CRESCENT ST,BENTON AUTO BODY," 155 FRANKLIN AV. HARTFORD, CT 06114",860-246-7771,NY,FJZ6014,2011,JEEP,GRAND CHK,BLK,2022015,136
304249,  21 CRESCENT ST,FRIENDLY AUTO BODY & TOWING," 99 MEADOW ST.  HARTFORD, CT. 06114",860-296-8588,NJ,M91CXN,2000,TOYT,TUN,GRN,2022015,136
304250,   9 CRESCENT ST,FRIENDLY AUTO BODY & TOWING," 99 MEADOW ST.  HARTFORD, CT. 06114",860-296-8588,NY,GSD2491,2015,BMW,X3,GRY,2022015,136
304251,  19 CRESCENT ST,FRIENDLY AUTO BODY & TOWING," 99 MEADOW ST.  HARTFORD, CT. 06114",860-296-8588,RI,4550,2009,TOYT,LANDCRUSIE,GRN,2022015,136
304252,  19 CRESCENT ST,BENTON AUTO BODY," 155 FRANKLIN AV. HARTFORD, CT 06114",860-246-7771,NY,GHF3827,2014,FORD,EXPLORER,BLK,2022015,136
304253,  19 CRESCENT ST,FRIENDLY AUTO BODY & TOWING," 99 MEADOW ST.  HARTFORD, CT. 06114",860-296-8588,MA,363VP6,2013,VW,JETTA,BLK,2022015,136
304254,  19 CRESCENT ST,FRIENDLY AUTO BODY & TOWING," 99 MEADOW ST.  HARTFORD, CT. 06114",860-296-8588,NY,FLH9095,2004,AUDI,A4,GRY,2022015,136
304255,   1 SCHOOL ST,FRIENDLY AUTO BODY & TOWING," 99 MEADOW ST.  HARTFORD, CT. 06114",860-296-8588,CT,XD18,2012,NISS,SENTRA,GRY,2022015,136
304256,   1 COLONIAL ST,BENTON AUTO BODY," 155 FRANKLIN AV. HARTFORD, CT 06114",860-246-7771,CT,4AKEW3,2002,HOND,ODYSSEY,GRY,2022015,137
304257,  16 COLONIAL ST,BENTON AUTO BODY," 155 FRANKLIN AV. HARTFORD, CT 06114",860-246-7771,CT,247ZON,2003,HONDA,CIVIC,GRY,2022015,137
304258,  22 COLONIAL ST,FRIENDLY AUTO BODY & TOWING," 99 MEADOW ST.  HARTFORD, CT. 06114",860-296-8588,CT,1AHVH3,2004,HOND,CIVIC,WHT,2022015,137
304259,  26 COLONIAL ST,FRIENDLY AUTO BODY & TOWING," 99 MEADOW ST.  HARTFORD, CT. 06114",860-296-8588,TX,DNF2091,2014,DODGE,ADVENGER,GRY,2022015,137
304261,  70 NILAN ST,A & N AUTO," 1516,PARK ST,HARTFORD,CT,06106",860-233-7079,CT,338YOF,1999,NISSAN,PATHFINDER,GRY,2022015,152
304264, 457 BROADVIEW TER,A & N AUTO," 1516,PARK ST,HARTFORD,CT,06106",860-233-7079,CT,881ZEN,2004,NISSAN,MURANO,TAN,2022015,234
304265, 457 BROADVIEW TER,CAPITOL AUTOMOTIVE LLC," 971 CAPITOL AV. HARTFORD,CT 06106",860-236-2602,CT,0ANBX0,2003,NISSAN,MAXIMA,GRY,2022015,236
304266, 453 BROADVIEW TER,CAPITOL AUTOMOTIVE LLC," 971 CAPITOL AV. HARTFORD,CT 06106",860-236-2602,,,1997,TOYOTA,RAV4,GRY,2022015,154
304267, 475 BROADVIEW TER,A & N AUTO," 1516,PARK ST,HARTFORD,CT,06106",860-233-7079,CT,208YWA,2009,CHEVY,HHR,WHI,2022015,245
304268, 475 BROADVIEW TER,A & N AUTO," 1516,PARK ST,HARTFORD,CT,06106",860-233-7079,CT,1ALBU7,2007,NISSAN,MAXIMA,GRY,2022015,245
304269, 475 BROADVIEW TER,A & N AUTO," 1516,PARK ST,HARTFORD,CT,06106",860-233-7079,CT,0AAUM5,1996,JEEP,GR CHEROKE,RED,2022015,250
304270, 115 SHERBROOKE AV,A & N AUTO," 1516,PARK ST,HARTFORD,CT,06106",860-233-7079,CT,3AHEW8,2010,JEEP,LIBERTY,TAN,2022015,300
304271, 188 SEYMOUR ST,CROSS COUNTRY AUTO," 585 WINDOSR ST. HARTFORD, CT 06120",860-296-2826,CT,858YSJ,1994,HOND,ACCORD,RED,2022015,203
304272, 275 COLLINS ST,"CORONA'S AUTO PARTS,INC.", 608 WETHERSFIELD AV. HARTFORD CT. 06114,860-296-5382,CT,260WKK,2005,NISSAN,MURANO,RED,2022015,204
304273, 807 ASYLUM AV,"CORONA'S AUTO PARTS,INC.", 608 WETHERSFIELD AV. HARTFORD CT. 06114,860-296-5382,CT,342URJ,2006,HONDA,ACCORD,GRY,2022015,204
304274, 807 ASYLUM AV,"CORONA'S AUTO PARTS,INC.", 608 WETHERSFIELD AV. HARTFORD CT. 06114,860-296-5382,CT,8AEFE3,1997,NISSAN,MAXIMA,PUR/GRY,2022015,204
304275, 807 ASYLUM AV,CAPITOL AUTOMOTIVE LLC," 971 CAPITOL AV. HARTFORD,CT 06106",860-236-2602,NY,FXK2328,2005,NISSAN,ALTIMA,GRY,2022015,204
304276, 807 ASYLUM AV,CAPITOL AUTOMOTIVE LLC," 971 CAPITOL AV. HARTFORD,CT 06106",860-236-2602,LA,YJZ831,2008,MITSUBISHI,LANCER,GRY,2022015,204
304277, 807 ASYLUM AV,"CORONA'S AUTO PARTS,INC.", 608 WETHERSFIELD AV. HARTFORD CT. 06114,860-296-5382,NY,GSP7803,2015,FORD,TAURUS,WHT,2022015,205
304278, 807 ASYLUM AV,"CORONA'S AUTO PARTS,INC.", 608 WETHERSFIELD AV. HARTFORD CT. 06114,860-296-5382,CT,5ARNN8,2001,CADILLAC,SEVILLE,GRY,2022015,205
304280,  34 WILLARD ST,CAPITOL AUTOMOTIVE LLC," 971 CAPITOL AV. HARTFORD,CT 06106",860-236-2602,CT,7AJRA9,2001,BUICK,CENTURY,TAN,2022015,205
304281,  50 WILLARD ST,"CORONA'S AUTO PARTS,INC.", 608 WETHERSFIELD AV. HARTFORD CT. 06114,860-296-5382,CT,6ABHS5,2011,KIA,OLX,GRY,2022015,205
304282,  54 IRVING ST,CAPITOL TOWING," 181-211 WALNUT ST. HARTFORD, CT. 06120",860-293-2442,CT,7AATD9,2001,NISSAN,QUEST,TAN,2022015,213
304284,  50 MAGNOLIA ST,CROSS COUNTRY AUTO," 585 WINDOSR ST. HARTFORD, CT 06120",860-296-2826,CT,817UNF,1995,TOYOTA,CAMRY,GRN,2022015,213
304285,  50 MAGNOLIA ST,CAPITOL TOWING," 181-211 WALNUT ST. HARTFORD, CT. 06120",860-293-2442,CT,257XSP,1996,NISSAN,MAXIMA,GREEN,2022015,213
304286,  52 MAGNOLIA ST,CAPITOL TOWING," 181-211 WALNUT ST. HARTFORD, CT. 06120",860-293-2442,CT,7AHKB0,2002,FORD,TAURUS,RED,2022015,213
304287,  50 MAGNOLIA ST,CAPITOL TOWING," 181-211 WALNUT ST. HARTFORD, CT. 06120",860-293-2442,CT,113ZVP,2002,FORD,EXPLORER,WHITE,2022015,214
304288,  51 MAGNOLIA ST,CROSS COUNTRY AUTO," 585 WINDOSR ST. HARTFORD, CT 06120",860-296-2826,CT,0ARNN7,1996,ACURA,5-Mar,BLACK,2022015,214
304289,   4 VINE ST,CROSS COUNTRY AUTO," 585 WINDOSR ST. HARTFORD, CT 06120",860-296-2826,CT,681ZAW,2002,HONDA,ODYSSEY,GRAY,2022015,214
304290,   6 VINE ST,CROSS COUNTRY AUTO," 585 WINDOSR ST. HARTFORD, CT 06120",860-296-2826,NC,ALV1803,2005,HONDA,CIVIC,BLUE,2022015,214
304291,  12 VINE ST,CAPITOL TOWING," 181-211 WALNUT ST. HARTFORD, CT. 06120",860-293-2442,CT,6AMAG9,2005,KIA,OPTIMA,GRAY,2022015,214
304293,  10 CONGRESS ST,"CENTRAL AUTO & TRANSPORT, LLC"," 195 MAXIM RD. HARTFORD, CT 06114",860-246-7616,CT,8ASBP7,2010,FORD,FUSION,TAN,2022015,229
304294,  10 CONGRESS ST,METRO AUTOBODY & TOWING INC, 722 WETHERSFIELD AV  HARTFORD CT 06114,860-947-3062,CT,218YRN,2010,CHEVY,AVEO,BLU,2022015,229
304296,  10 CONGRESS ST,CENTRAL GARAGE," 36 BOND ST. HARTFORD,CT 06114",860-296-1426,CT,5ABKT6,2003,MAZDA,TRIBUTE,RED,2022015,229
304297,  10 CONGRESS ST,CENTRAL GARAGE," 36 BOND ST. HARTFORD,CT 06114",860-296-1426,CT,583K8,1994,TOYT,UNKWN,UNKWN,2022015,229
304298,  10 MORRIS ST,METRO AUTOBODY & TOWING INC, 722 WETHERSFIELD AV  HARTFORD CT 06114,860-947-3062,CT,153K5,2003,NISSAN,,,2022015,229
304299,  10 CONGRESS ST,METRO AUTOBODY & TOWING INC, 722 WETHERSFIELD AV  HARTFORD CT 06114,860-947-3062,CT,2ASHM0,2001,VOLKSWAGON,PASSAT,GREEN,2022015,229
304300,  10 CONGRESS ST,CENTRAL GARAGE," 36 BOND ST. HARTFORD,CT 06114",860-296-1426,CT,380ZLC,2005,CHRYSLER,300,BLACK,2022015,229
304301,  10 MORRIS ST,A & N AUTO," 1516,PARK ST,HARTFORD,CT,06106",860-233-7079,CT,2APRA2,2005,CADILAC,DEVILLE,BLK,2022015,229
304304, 200 PEARL ST,MODERN GARAGE," 100A,AIRPORT RD,HARTFORD,CT,06114",860-296-9663,NY,GEZ5825,2011,KIA,SOL,BLUE,2022015,232
304311,  32 HANMER ST,CAPITOL AUTOMOTIVE LLC," 971 CAPITOL AV. HARTFORD,CT 06106",860-236-2602,MA,281PS7,2007,NISSAN,ALT,GRN,2022015,232
304322, 100 HENDRICXSEN AV,CAPITOL AUTOMOTIVE LLC," 971 CAPITOL AV. HARTFORD,CT 06106",860-236-2602,CT,8AHUX2,2014,TOYOTA,COROLLA,RED,2022015,252
304323, 100 HENDRICXSEN AV,MODERN GARAGE," 100A,AIRPORT RD,HARTFORD,CT,06114",860-296-9663,CT,7ABXX9,2005,TOYOTA,COROLLA,GRAY,2022015,252
304324, 100 HENDRICXSEN AV,"CENTRAL AUTO & TRANSPORT, LLC"," 195 MAXIM RD. HARTFORD, CT 06114",860-246-7616,CT,8AKEP4,2000,NISSAN,MAXIMA,BLACK,2022015,252
304325,  62 HENDRICXSEN AV,"CENTRAL AUTO & TRANSPORT, LLC"," 195 MAXIM RD. HARTFORD, CT 06114",860-246-7616,CT,612ZCE,1996,NISSAN,QUEST,GREEN,2022015,252
304326,  70 HENDRICXSEN AV,MODERN GARAGE," 100A,AIRPORT RD,HARTFORD,CT,06114",860-296-9663,CT,4AMVB2,2013,NISSAN,ALTIMA,WHITE,2022015,252
304327,  62 HENDRICXSEN AV,"CENTRAL AUTO & TRANSPORT, LLC"," 195 MAXIM RD. HARTFORD, CT 06114",860-246-7616,CT,9AJNTO,1995,NISSAN,MAXIMA,WHITE,2022015,253
304330,  70 HENDRICXSEN AV,MODERN GARAGE," 100A,AIRPORT RD,HARTFORD,CT,06114",860-296-9663,CT,604XTX,2008,NISSAN,ALTIMA,BLACK,2022015,253
304331,  90 HENDRICXSEN AV,MODERN GARAGE," 100A,AIRPORT RD,HARTFORD,CT,06114",860-296-9663,CT,4ANBS5,2007,DODGE,MAGNUM,RED,2022015,326
304332,  64 LENOX ST,WHITEY'S FRAME SHOP," 305 WEST SERVICE RD. HARTFORD, CT 06120",860-246-6871,CT,2ARNP3,2006,NISSAN,ALTIMA,GRY,2022015,312
304333, 284 EDGEWOOD ST,WHITEY'S FRAME SHOP," 305 WEST SERVICE RD. HARTFORD, CT 06120",860-246-6871,CT,198ZYJ,2005,HONDA,ACCORD,GRN,2022015,426
304334,EDGEWOOD ST & MANSFIELD ST,WHITEY'S FRAME SHOP," 305 WEST SERVICE RD. HARTFORD, CT 06120",860-246-6871,CT,382ZNL,2002,NISSAN,ALTIMA,GRY,2022015,437
304335, 315 PALM ST,WHITEY'S FRAME SHOP," 305 WEST SERVICE RD. HARTFORD, CT 06120",860-246-6871,CT,594ZKE,2011,TOYT,CAMRY,GRY,2022015,312
304336, 160 NORTH CANAAN ST,WHITEY'S FRAME SHOP," 305 WEST SERVICE RD. HARTFORD, CT 06120",860-246-6871,CT,369ZBD,2005,NISS,ALT,GRY,2022015,312
304337, 202 EUCLID ST WEST,WHITEY'S FRAME SHOP," 305 WEST SERVICE RD. HARTFORD, CT 06120",860-246-6871,CT,6ANNE8,2000,TOYT,CAMRY,BLU,2022015,312
304338,   8 HAROLD ST,WHITEY'S FRAME SHOP," 305 WEST SERVICE RD. HARTFORD, CT 06120",860-246-6871,CT,387YXY,2001,HONDA,ACCORD,GRN,2022015,312
304339,  98 MORNINGSIDE ST WEST,CAPITOL AUTOMOTIVE LLC," 971 CAPITOL AV. HARTFORD,CT 06106",860-236-2602,CT,3ABKR6,2003,HYUN,ELANTRA,GRY,2022015,312
304340,  32 BALTIMORE ST,WHITEY'S FRAME SHOP," 305 WEST SERVICE RD. HARTFORD, CT 06120",860-246-6871,CT,578VAZ,2004,CHEVY,TRAILBLAZE,BLK,2022015,737
304341,  30 BALTIMORE ST,WHITEY'S FRAME SHOP," 305 WEST SERVICE RD. HARTFORD, CT 06120",860-246-6871,CT,7AFMH2,2003,ACURA,TL,WHI,2022015,916
304342,  20 VINE ST,CAPITOL TOWING," 181-211 WALNUT ST. HARTFORD, CT. 06120",860-293-2442,CT,975SBE,2003,CHEVY,IMPALA,RED,2022015,313
304343,  20 VINE ST,CAPITOL TOWING," 181-211 WALNUT ST. HARTFORD, CT. 06120",860-293-2442,CT,5ANGP9,2008,CHEVY,COBALT,GRAY,2022015,313
304344,  40 VINE ST,CROSS COUNTRY AUTO," 585 WINDOSR ST. HARTFORD, CT 06120",860-296-2826,CT,5ABXM1,1995,NISSAN,MAXIMA,TAN,2022015,313
304346,  92 MAGNOLIA ST,CAPITOL TOWING," 181-211 WALNUT ST. HARTFORD, CT. 06120",860-293-2442,CT,9AHFD7,2002,BUICK,REGAL,BLACK,2022015,313
304347,  90 MAGNOLIA ST,CAPITOL TOWING," 181-211 WALNUT ST. HARTFORD, CT. 06120",860-293-2442,PA,EHP0856,1997,OLDSMOBILE,BRAVADA,GREEN,2022015,314
304348,  92 MAGNOLIA ST,CROSS COUNTRY AUTO," 585 WINDOSR ST. HARTFORD, CT 06120",860-296-2826,CT,8AKKV6,1999,PONTIAC,GRAND PRIX,RED,2022015,314
304349,  99 MAGNOLIA ST,CAPITOL TOWING," 181-211 WALNUT ST. HARTFORD, CT. 06120",860-293-2442,CT,0AHNW5,2011,NISSAN,ALTIMA,BLACK,2022015,314
304350, 395 GARDEN ST,CAPITOL TOWING," 181-211 WALNUT ST. HARTFORD, CT. 06120",860-293-2442,,,2001,MITSUBISHI,GALANT,RED,2022015,314
304351, 395 GARDEN ST,CAPITOL TOWING," 181-211 WALNUT ST. HARTFORD, CT. 06120",860-293-2442,ME,7220UJ,2000,NISSAN,MAXIMA,BLACK,2022015,314
304352, 115 SHERBROOKE AV,A & N AUTO," 1516,PARK ST,HARTFORD,CT,06106",860-233-7079,CT,7AGXJ9,2008,NISSAN,MAXIMA,GRAY,2022015,315
304353, 115 SHERBROOKE AV,A & N AUTO," 1516,PARK ST,HARTFORD,CT,06106",860-233-7079,,,2012,NISSAN,ROGUE,RED,2022015,315
304354,  86 MONROE ST,A & N AUTO," 1516,PARK ST,HARTFORD,CT,06106",860-233-7079,CT,957WJA,2004,NISSAN,ALTIMA,BLACK,2022015,315
304355,  40 MONROE ST,A & N AUTO," 1516,PARK ST,HARTFORD,CT,06106",860-233-7079,CT,963YAR,1996,JEEP,CHEROKEE,RED,2022015,315
304356,  86 MONROE ST,A & N AUTO," 1516,PARK ST,HARTFORD,CT,06106",860-233-7079,CT,556ZXH,2000,HONDA,ACCORD,BLUE,2022015,315
304357,  34 MONROE ST,A & N AUTO," 1516,PARK ST,HARTFORD,CT,06106",860-233-7079,CT,2ARGD8,1998,TOYOTA,4RUNNER,TAN,2022015,316
304358,  34 MONROE ST,A & N AUTO," 1516,PARK ST,HARTFORD,CT,06106",860-233-7079,CT,853XDJ,2005,SUBARU,LEGACY,WHITE,2022015,316
304359,  34 MONROE ST,A & N AUTO," 1516,PARK ST,HARTFORD,CT,06106",860-233-7079,CT,0APML4,1989,TOYOTA,COROLLA,WHITE,2022015,316
304360,  34 MONROE ST,A & N AUTO," 1516,PARK ST,HARTFORD,CT,06106",860-233-7079,CT,880XZC,2004,CHRYSLER,PACIFICA,GRAY,2022015,316
304361, 503 NEW BRITAIN AV,A & N AUTO," 1516,PARK ST,HARTFORD,CT,06106",860-233-7079,CT,182ZVP,1996,TOYOTA,AVALON,TAN,2022015,316
304363,  59 CURCOMBE ST,"CENTRAL AUTO & TRANSPORT, LLC"," 195 MAXIM RD. HARTFORD, CT 06114",860-246-7616,CT,1DDA5,2009,ACURA,TL,GRY,2022015,404
304364, 140 HUYSHOPE AV,MODERN GARAGE," 100A,AIRPORT RD,HARTFORD,CT,06114",860-296-9663,MA,474SR9,2004,VOLKSWAGON,JETTA,BLK,2022015,408
304365, 140 HUYSHOPE AV,MODERN GARAGE," 100A,AIRPORT RD,HARTFORD,CT,06114",860-296-9663,CT,257XRU,2009,TOYOTA,COROLLA,GRY,2022015,410
304366, 140 HUYSHOPE AV,"CENTRAL AUTO & TRANSPORT, LLC"," 195 MAXIM RD. HARTFORD, CT 06114",860-246-7616,CT,131TXR,2005,KIA,SPORTAGE,BLU,2022015,414
304367, 140 HUYSHOPE AV,"CENTRAL AUTO & TRANSPORT, LLC"," 195 MAXIM RD. HARTFORD, CT 06114",860-246-7616,CT,927XJY,2009,DODGE,CHARGER,GRY,2022015,418
304368, 140 HUYSHOPE AV,"CENTRAL AUTO & TRANSPORT, LLC"," 195 MAXIM RD. HARTFORD, CT 06114",860-246-7616,CT,402XHK,2007,AUDI,A4,BLK,2022015,430
304369,   9 JOHN ST,"CENTRAL AUTO & TRANSPORT, LLC"," 195 MAXIM RD. HARTFORD, CT 06114",860-246-7616,MI,DDN5069,1999,FORD,EXPEDITION,GRN,2022015,446
304370, 322 HUDSON ST,MODERN GARAGE," 100A,AIRPORT RD,HARTFORD,CT,06114",860-296-9663,CT,8AEFD7,1999,TOYOTA,AVALON,WHI,2022015,450
304371, 296 HUDSON ST,"CENTRAL AUTO & TRANSPORT, LLC"," 195 MAXIM RD. HARTFORD, CT 06114",860-246-7616,CT,613ZGA,2002,SATURN,VUE,ORG,2022015,456
304372,  22 COLONIAL ST,FRIENDLY AUTO BODY & TOWING," 99 MEADOW ST.  HARTFORD, CT. 06114",860-296-8588,CT,4AJNO0,1995,FORD,TAURUS,WHT,2022015,330
304373,  36 BROWNELL AV,FRIENDLY AUTO BODY & TOWING," 99 MEADOW ST.  HARTFORD, CT. 06114",860-296-8588,CT,2ARNR4,2007,HONDA,CRV,GRN,2022015,330
304374,  50 VERNON ST,BENTON AUTO BODY," 155 FRANKLIN AV. HARTFORD, CT 06114",860-246-7771,CT,109YOF,2001,CHEVY,G3500,RED,2022015,330
304375,  10 LINCOLN ST,FRIENDLY AUTO BODY & TOWING," 99 MEADOW ST.  HARTFORD, CT. 06114",860-296-8588,CT,7AEFL4,1999,HONDA,ACCORD,GRN,2022015,330
304376,  36 LINCOLN ST,FRIENDLY AUTO BODY & TOWING," 99 MEADOW ST.  HARTFORD, CT. 06114",860-296-8588,CT,8380CW,2002,DODGE,QUADCABS,GRY,2022015,330
304377,  40 LINCOLN ST,BENTON AUTO BODY," 155 FRANKLIN AV. HARTFORD, CT 06114",860-246-7771,CT,6ALBW8,2001,ACURA,32TL,BLU,2022015,330
304378,  50 LINCOLN ST,FRIENDLY AUTO BODY & TOWING," 99 MEADOW ST.  HARTFORD, CT. 06114",860-296-8588,CT,9ASHU3,2003,DODGE,GRAND VAN,BLU,2022015,330
304379,  80 LINCOLN ST,FRIENDLY AUTO BODY & TOWING," 99 MEADOW ST.  HARTFORD, CT. 06114",860-296-8588,CT,0AFSP3,1999,NISS,QUEST,GRY,2022015,330
304381, 156 MADISON ST,FRIENDLY AUTO BODY & TOWING," 99 MEADOW ST.  HARTFORD, CT. 06114",860-296-8588,FL,AASB88,2002,FORD,F150,BLK,2022015,330
304382,  70 MADISON ST,BENTON AUTO BODY," 155 FRANKLIN AV. HARTFORD, CT 06114",860-246-7771,TX,BBX8500,1997,FORD,TAURUS,GRN,2022015,331
304383,  30 MADISON ST,BENTON AUTO BODY," 155 FRANKLIN AV. HARTFORD, CT 06114",860-246-7771,CT,734WLK,1996,TOYT,AVALON,TAN,2022015,331
304384,  30 MADISON ST,FRIENDLY AUTO BODY & TOWING," 99 MEADOW ST.  HARTFORD, CT. 06114",860-296-8588,CT,604XZL,2006,KIA,SPECTRA,TAN,2022015,331
304385, 259 JEFFERSON ST,FRIENDLY AUTO BODY & TOWING," 99 MEADOW ST.  HARTFORD, CT. 06114",860-296-8588,CT,4AKUV3,2002,ACURA,MDX,WHT,2022015,331
304386, 212 JEFFERSON ST,FRIENDLY AUTO BODY & TOWING," 99 MEADOW ST.  HARTFORD, CT. 06114",860-296-8588,CT,2D959,1991,HONDA,CIVIC,RED,2022015,331
304387, 212 JEFFERSON ST,FRIENDLY AUTO BODY & TOWING," 99 MEADOW ST.  HARTFORD, CT. 06114",860-296-8588,,,1996,DODGE,GRAND VAN,RED,2022015,331
304388, 200 JEFFERSON ST,BENTON AUTO BODY," 155 FRANKLIN AV. HARTFORD, CT 06114",860-246-7771,CT,0ANMA8,2002,HOND,ACC,TAN,2022015,331
304389, 332 JEFFERSON ST,FRIENDLY AUTO BODY & TOWING," 99 MEADOW ST.  HARTFORD, CT. 06114",860-296-8588,TN,U4803B,2007,FORD,FREESTYLE,WHT,2022015,331
304391,  75 WARD ST,FRIENDLY AUTO BODY & TOWING," 99 MEADOW ST.  HARTFORD, CT. 06114",860-296-8588,CT,5ABNB0,1998,NISS,ALT,TAN,2022015,331
304392,  50 WILLARD ST,"CORONA'S AUTO PARTS,INC.", 608 WETHERSFIELD AV. HARTFORD CT. 06114,860-296-5382,CT,384ZBN,2005,TOYOTA,AVALON,TAN,2022015,356
304393,  34 WILLARD ST,CAPITOL AUTOMOTIVE LLC," 971 CAPITOL AV. HARTFORD,CT 06106",860-236-2602,CT,190ZNL,2009,FORD,ESCAPE,GRAY,2022015,356
304394,  34 WILLARD ST,CAPITOL AUTOMOTIVE LLC," 971 CAPITOL AV. HARTFORD,CT 06106",860-236-2602,CT,777ZLC,2006,CHEVY,EQUINOX,GRAY,2022015,356
304395,  34 WILLARD ST,"CORONA'S AUTO PARTS,INC.", 608 WETHERSFIELD AV. HARTFORD CT. 06114,860-296-5382,CT,892YNZ,1997,TOYOTA,AVALON,RED,2022015,356
304396,   1 TOWNLEY ST,"CORONA'S AUTO PARTS,INC.", 608 WETHERSFIELD AV. HARTFORD CT. 06114,860-296-5382,FL,DBLC20,2004,KIA,,WHITE,2022015,356
304397,  30 TOWNLEY ST,CAPITOL AUTOMOTIVE LLC," 971 CAPITOL AV. HARTFORD,CT 06106",860-236-2602,CT,6AJBG6,2004,TOYOTA,COROLLA,GRAY,2022015,357
304398,  59 ATWOOD ST,CAPITOL AUTOMOTIVE LLC," 971 CAPITOL AV. HARTFORD,CT 06106",860-236-2602,CT,3AAER1,2003,HONDA,ACCORD,BLK,2022015,357
304399,  59 ATWOOD ST,"CORONA'S AUTO PARTS,INC.", 608 WETHERSFIELD AV. HARTFORD CT. 06114,860-296-5382,CT,8AMTG8,2005,CHEVY,IMPALA,GRAY,2022015,357
304400,   1 GARDEN ST,"CORONA'S AUTO PARTS,INC.", 608 WETHERSFIELD AV. HARTFORD CT. 06114,860-296-5382,VA,WMP7288,2014,NISSAN,,BLUE,2022015,357
304401,   1 GARDEN ST,CAPITOL AUTOMOTIVE LLC," 971 CAPITOL AV. HARTFORD,CT 06106",860-236-2602,CT,OANWJ6,2015,FORD,TAURUS,BLACK,2022015,357
304402, 524 HUDSON ST,MODERN GARAGE," 100A,AIRPORT RD,HARTFORD,CT,06114",860-296-9663,CT,723ZNA,2008,NISSAN,PATHFINDER,GRAY,2022015,404
304403,   1 HOADLEY PL,MODERN GARAGE," 100A,AIRPORT RD,HARTFORD,CT,06114",860-296-9663,CT,825ZVO,2007,NISSAN,MURANO,BLACK,2022015,404
304404,   1 HOADLEY PL,MODERN GARAGE," 100A,AIRPORT RD,HARTFORD,CT,06114",860-296-9663,CT,2AHHT2,2010,HONDA,CIVIC,BROWN GRAY,2022015,404
304406,  84 WADSWORTH ST,MODERN GARAGE," 100A,AIRPORT RD,HARTFORD,CT,06114",860-296-9663,,,2003,LNDRV,FREELNDR,GRN,2022015,404
304407,  68 WADSWORTH ST,"CENTRAL AUTO & TRANSPORT, LLC"," 195 MAXIM RD. HARTFORD, CT 06114",860-246-7616,CT,8ALGN4,2008,NISS,ALT,TAN,2022015,405
304409, 217 BUCKINGHAM ST,MODERN GARAGE," 100A,AIRPORT RD,HARTFORD,CT,06114",860-296-9663,CT,0ANMK5,2001,HONDA,CIVIC,BLK,2022015,405
304410, 131 WASHINGTON ST,"CENTRAL AUTO & TRANSPORT, LLC"," 195 MAXIM RD. HARTFORD, CT 06114",860-246-7616,CT,779XET,1997,FORD,F150,RED,2022015,405
304411,  80 JULIUS ST,MODERN GARAGE," 100A,AIRPORT RD,HARTFORD,CT,06114",860-296-9663,CT,2121CY,2002,CHEVY,MALIBU,PUR,2022015,405
304413,  10 CONGRESS ST,METRO AUTOBODY & TOWING INC, 722 WETHERSFIELD AV  HARTFORD CT 06114,860-947-3062,CT,3AJRH1,2008,CHEVY,IMPALA,BLK,2022015,406
304415,  60 DEAN ST,CENTRAL GARAGE," 36 BOND ST. HARTFORD,CT 06114",860-296-1426,CT,819ZTK,2002,JEEP,LIBERTY,BLACK,2022015,406
304416,  60 DEAN ST,CENTRAL GARAGE," 36 BOND ST. HARTFORD,CT 06114",860-296-1426,CT,3AHFT0,2003,CHEVY,VENTURE,BLUE,2022015,406
304418, 571 MAPLE AV,METRO AUTOBODY & TOWING INC, 722 WETHERSFIELD AV  HARTFORD CT 06114,860-947-3062,CT,559TWT,1997,CHRY,SEBRING,RED,2022015,406
304419, 571 MAPLE AV,CENTRAL GARAGE," 36 BOND ST. HARTFORD,CT 06114",860-296-1426,CT,S2875S,2012,FORD,FLEX  STV3,GRY,2022015,406
304420, 266 MAPLE AV,CENTRAL GARAGE," 36 BOND ST. HARTFORD,CT 06114",860-296-1426,CT,534SZV,2000,KIA,SPORTAGE,BLK TAN,2022015,406
304421, 266 MAPLE AV,METRO AUTOBODY & TOWING INC, 722 WETHERSFIELD AV  HARTFORD CT 06114,860-947-3062,CT,8AFKD9,1993,HONDA,ACCORD,GREEN,2022015,406
304422, 266 MAPLE AV,METRO AUTOBODY & TOWING INC, 722 WETHERSFIELD AV  HARTFORD CT 06114,860-947-3062,CT,7AMAG6,1999,NISS,MAXIMA,TAN,2022015,406
304424, 949 MAIN ST,MODERN GARAGE," 100A,AIRPORT RD,HARTFORD,CT,06114",860-296-9663,CT,566YZY,2012,HYUNDAI,SONATA,BLACK,2022015,412
304425,  22 PRATT ST,MODERN GARAGE," 100A,AIRPORT RD,HARTFORD,CT,06114",860-296-9663,CT,153ZXY,2014,MAZDA,CX5,WHITE,2022015,422
304426, 188 ASYLUM ST,MODERN GARAGE," 100A,AIRPORT RD,HARTFORD,CT,06114",860-296-9663,CT,193YNZ,2007,BUICK,LACROSSE,BLACK,2022015,429
304427, 100 PEARL ST,MODERN GARAGE," 100A,AIRPORT RD,HARTFORD,CT,06114",860-296-9663,CT,688XEJ,2009,FORD,TAURUS,RED,2022015,431
304429, 725 HILLSIDE AV,RENO'S AUTO BODY," 525 FRANKLIN AV. HARTFORD, CT 06114",860-296-1518,CT,1AHKA9,2000,NISSAN,MAXIMA,GRY,2022015,444
304430, 600 HILLSIDE AV,RENO'S AUTO BODY," 525 FRANKLIN AV. HARTFORD, CT 06114",860-296-1518,CT,4AARX1,2001,PONTIAC,GRAND AM,GRN,2022015,458
304431, 143 SOUTH ST,CAPITOL AUTOMOTIVE LLC," 971 CAPITOL AV. HARTFORD,CT 06106",860-236-2602,CT,5ANWK6,2015,DODGE,GR CARAVAN,WHI,2022015,503
304432, 200 CHESHIRE ST,RENO'S AUTO BODY," 525 FRANKLIN AV. HARTFORD, CT 06114",860-296-1518,CT,2M139,1991,TOYT,LAND CRU,BRN,2022015,435
304433, 200 CHESHIRE ST,RENO'S AUTO BODY," 525 FRANKLIN AV. HARTFORD, CT 06114",860-296-1518,CT,3ARSA2,2015,TOYT,COROLLA,GRY,2022015,435
304435, 759 MAPLE AV,RENO'S AUTO BODY," 525 FRANKLIN AV. HARTFORD, CT 06114",860-296-1518,CT,146YCV,2004,NISSAN,XTERRA,YEL,2022015,545
304436,  44 ARNOLD ST,CAPITOL AUTOMOTIVE LLC," 971 CAPITOL AV. HARTFORD,CT 06106",860-236-2602,CT,699LEO,2009,HONDA,ACC,BLK,2022015,435
304438,  32 ARNOLD ST,CAPITOL AUTOMOTIVE LLC," 971 CAPITOL AV. HARTFORD,CT 06106",860-236-2602,CT,1AFKJ1,1999,INFI,I30,GRN,2022015,436
304439, 119 HILLSIDE AV,RENO'S AUTO BODY," 525 FRANKLIN AV. HARTFORD, CT 06114",860-296-1518,CT,653ZPF,2007,TOYT,SCION,BLU,2022015,436
304440,  20 WARD PL,RENO'S AUTO BODY," 525 FRANKLIN AV. HARTFORD, CT 06114",860-296-1518,MA,1ME974,2014,DODGE,CHARGE,GRY/BLK,2022015,436
304441,  21 WARD PL,BENTON AUTO BODY," 155 FRANKLIN AV. HARTFORD, CT 06114",860-246-7771,CT,8AFUP0,2003,HONDA,ACCORD  CO,BLU,2022015,436
304442,  21 WARD PL,BENTON AUTO BODY," 155 FRANKLIN AV. HARTFORD, CT 06114",860-246-7771,CT,6AFMD7,2001,CHEVY,CAVALIER,TAN,2022015,436
304443, 518 NEW BRITAIN AV,A & N AUTO," 1516,PARK ST,HARTFORD,CT,06106",860-233-7079,CT,218WFP,2004,HONDA,ACCORD,BLK,2022015,441
304444, 469 NEW BRITAIN AV,A & N AUTO," 1516,PARK ST,HARTFORD,CT,06106",860-233-7079,CT,531YYL,1994,CHEV,K1500,BLK,2022015,441
304445, 469 NEW BRITAIN AV,A & N AUTO," 1516,PARK ST,HARTFORD,CT,06106",860-233-7079,CT,268ZKF,2010,TOYT,COROLLA,GRY,2022015,441
304446, 469 NEW BRITAIN AV,A & N AUTO," 1516,PARK ST,HARTFORD,CT,06106",860-233-7079,CT,472ZFE,2009,JEEP,LIBERTY,BLK,2022015,500
304447, 407 NEW BRITAIN AV,A & N AUTO," 1516,PARK ST,HARTFORD,CT,06106",860-233-7079,CT,537XNJ,1999,NISS,ALT,TAN,2022015,441
304448, 424 NEW BRITAIN AV,A & N AUTO," 1516,PARK ST,HARTFORD,CT,06106",860-233-7079,MA,EYC4403,2008,TOYT,CAMRY,GRY,2022015,442
304449,   1 NATICK ST,A & N AUTO," 1516,PARK ST,HARTFORD,CT,06106",860-233-7079,CT,640ZXT,1998,CADI,SEVILLE,WHT,2022015,442
304450,  35 NATICK ST,A & N AUTO," 1516,PARK ST,HARTFORD,CT,06106",860-233-7079,CT,0AMUF9,1996,TOYT,AVALON,BLU,2022015,442
304451,  78 NATICK ST,A & N AUTO," 1516,PARK ST,HARTFORD,CT,06106",860-233-7079,CT,737ZVR,2004,HONDA,CIVIC,GRY,2022015,442
304452,  69 NATICK ST,A & N AUTO," 1516,PARK ST,HARTFORD,CT,06106",860-233-7079,CT,0ABKN0,2001,AUDI,A6,GRY,2022015,442
304453,  34 BEACON ST,METRO AUTOBODY & TOWING INC, 722 WETHERSFIELD AV  HARTFORD CT 06114,860-947-3062,CT,6AKHT1,2006,BUICK,LUCERNE,GRN,2022015,635
304454, 355 GARDEN ST,CAPITOL TOWING," 181-211 WALNUT ST. HARTFORD, CT. 06120",860-293-2442,CT,3ALEE2,1998,HONDA,CIVIC,BLACK,2022015,445
304455, 115 BEDFORD ST,CAPITOL TOWING," 181-211 WALNUT ST. HARTFORD, CT. 06120",860-293-2442,SC,1JD319,1996,BUICK,REGAL,RED,2022015,445
304456, 100 BROOK ST,CAPITOL TOWING," 181-211 WALNUT ST. HARTFORD, CT. 06120",860-293-2442,CT,0AMPX9,2006,TOYOTA,CAMRY,WHITE,2022015,445
304457, 112 BROOK ST,CROSS COUNTRY AUTO," 585 WINDOSR ST. HARTFORD, CT 06120",860-296-2826,CT,5ANBN9,1993,HONDA,ACCORD,BLUE,2022015,445
304458,  37 GREEN ST,CROSS COUNTRY AUTO," 585 WINDOSR ST. HARTFORD, CT 06120",860-296-2826,CT,9ALBS8,2009,BUICK,ENCLAVE,BLUE,2022015,445
304459,  57 GREEN ST,CROSS COUNTRY AUTO," 585 WINDOSR ST. HARTFORD, CT 06120",860-296-2826,CT,356ZLC,1992,GEO,PRIZM,RED,2022015,445
304460,  57 GREEN ST,CAPITOL TOWING," 181-211 WALNUT ST. HARTFORD, CT. 06120",860-293-2442,CT,4ALXS5,2001,CHEVY,MONTE CARL,RED,2022015,445
304461,  49 GREEN ST,CAPITOL TOWING," 181-211 WALNUT ST. HARTFORD, CT. 06120",860-293-2442,FL,729NXV,2003,HONDA,ACCORD,WHI,2022015,650
304462,  57 FAIRMOUNT ST,CAPITOL TOWING," 181-211 WALNUT ST. HARTFORD, CT. 06120",860-293-2442,CT,7WWWW2,2013,NISSAN,MAXIMA,WHITE,2022015,445
304463,  57 FAIRMOUNT ST,CROSS COUNTRY AUTO," 585 WINDOSR ST. HARTFORD, CT 06120",860-296-2826,CT,7APLA4,2002,GMC,ENVOY,TAN,2022015,445
304464,   1 HOADLEY PL,MODERN GARAGE," 100A,AIRPORT RD,HARTFORD,CT,06114",860-296-9663,CT,5AENV4,2007,HONDA,CIVIC,BLACK,2022015,533
304465,  98 HUNGERFORD ST,FRIENDLY AUTO BODY & TOWING," 99 MEADOW ST.  HARTFORD, CT. 06114",860-296-8588,CT,1AJRE8,2004,VOLVO,S60,GRY,2022015,909
304468,  47 OAKLAND TER,CAPITOL TOWING," 181-211 WALNUT ST. HARTFORD, CT. 06120",860-293-2442,CT,547YAV,2008,CHEV,COBALT  4D,GRY,2022015,1113
304469,  70 LORRAINE ST,BENTON AUTO BODY," 155 FRANKLIN AV. HARTFORD, CT 06114",860-246-7771,CT,6AALH0,1988,DODGE,D100 PKUP,RED WHT,2022015,1142
304470,   1 GARDEN ST,CAPITOL AUTOMOTIVE LLC," 971 CAPITOL AV. HARTFORD,CT 06106",860-236-2602,CT,597ZPH,2006,AUDI,A4,BLUE,2022015,536
304471, 100 SPRING ST,"CORONA'S AUTO PARTS,INC.", 608 WETHERSFIELD AV. HARTFORD CT. 06114,860-296-5382,CT,5AFDP7,2014,CHRYSLER,TOWN COUNT,GRY,2022015,536
304472, 100 SPRING ST,"CORONA'S AUTO PARTS,INC.", 608 WETHERSFIELD AV. HARTFORD CT. 06114,860-296-5382,CT,6AFUU8,2006,INFINITY,M35,GRAY,2022015,536
304473,  57 SUMNER ST,"CORONA'S AUTO PARTS,INC.", 608 WETHERSFIELD AV. HARTFORD CT. 06114,860-296-5382,CT,9AJHR2,1997,TOYOTA,COROLLA,GREEN,2022015,536
304474,  67 SUMNER ST,CAPITOL AUTOMOTIVE LLC," 971 CAPITOL AV. HARTFORD,CT 06106",860-236-2602,CT,2ALJP1,2003,ACURA,3 2 TL,GRAY,2022015,536
304475,  75 SUMNER ST,"CORONA'S AUTO PARTS,INC.", 608 WETHERSFIELD AV. HARTFORD CT. 06114,860-296-5382,CT,1AJNH7,2004,VOLKSWAGON,TOURREG,GRAY,2022015,536
304476,   1 SUMNER ST,"CORONA'S AUTO PARTS,INC.", 608 WETHERSFIELD AV. HARTFORD CT. 06114,860-296-5382,CT,430XSP,2001,NISSAN,ALTIMA,GRAY,2022015,536
304477,  25 SUMNER ST,"CORONA'S AUTO PARTS,INC.", 608 WETHERSFIELD AV. HARTFORD CT. 06114,860-296-5382,CT,953YNX,2001,HONDA,ACCORD,GRAY,2022015,536
304478,  48 HUNTINGTON ST,"CORONA'S AUTO PARTS,INC.", 608 WETHERSFIELD AV. HARTFORD CT. 06114,860-296-5382,CT,5AJHS2,2001,DODGE,GRAND SE,GRAY,2022015,536
304479,  20 HUNTINGTON ST,CAPITOL AUTOMOTIVE LLC," 971 CAPITOL AV. HARTFORD,CT 06106",860-236-2602,CT,2ASHU0,1997,HONDA,ACCORD,RED,2022015,536
304480, 186 WARD ST,FRIENDLY AUTO BODY & TOWING," 99 MEADOW ST.  HARTFORD, CT. 06114",860-296-8588,CT,3ANBX5,2002,HYUN,XG350,GRN,2022015,538
304481, 569 ZION ST,FRIENDLY AUTO BODY & TOWING," 99 MEADOW ST.  HARTFORD, CT. 06114",860-296-8588,,,2000,FORD,WINDSTAR,GRN,2022015,538
304482, 584 ZION ST,FRIENDLY AUTO BODY & TOWING," 99 MEADOW ST.  HARTFORD, CT. 06114",860-296-8588,CT,263ZWR,1999,JEEP,GRAND CHK,GRY,2022015,538
304483, 575 ZION ST,FRIENDLY AUTO BODY & TOWING," 99 MEADOW ST.  HARTFORD, CT. 06114",860-296-8588,CT,0ADES7,1998,TOYT,CAMRY,GRY,2022015,538
304484, 601 ZION ST,FRIENDLY AUTO BODY & TOWING," 99 MEADOW ST.  HARTFORD, CT. 06114",860-296-8588,CT,2APAF2,2008,HYUN,ELANTRA,TAN,2022015,538
304485, 601 ZION ST,FRIENDLY AUTO BODY & TOWING," 99 MEADOW ST.  HARTFORD, CT. 06114",860-296-8588,CT,3AKKB4,2011,HYUN,ELANTRA,RED,2022015,539
304486,  50 LAWRENCE ST,BENTON AUTO BODY," 155 FRANKLIN AV. HARTFORD, CT 06114",860-246-7771,CT,6APGB7,2015,TOYT,RAV4,WHT,2022015,539
304487,  20 LAWRENCE ST,BENTON AUTO BODY," 155 FRANKLIN AV. HARTFORD, CT 06114",860-246-7771,CT,374GKH,1994,TOYT,COROLLA,GRY,2022015,539
304488, 186 WARD ST,FRIENDLY AUTO BODY & TOWING," 99 MEADOW ST.  HARTFORD, CT. 06114",860-296-8588,NJ,YUT69R,1997,JEEP,GRAND CHK,BLK,2022015,539
304489, 186 AFFLECK ST,FRIENDLY AUTO BODY & TOWING," 99 MEADOW ST.  HARTFORD, CT. 06114",860-296-8588,CT,579ZXG,2008,ACURA,TL,BLK,2022015,539
304490,   2 LAWRENCE ST,FRIENDLY AUTO BODY & TOWING," 99 MEADOW ST.  HARTFORD, CT. 06114",860-296-8588,CT,476YW8,2006,INFI,M35,GRY,2022015,539
304491,CAPITOL AV & FLOWER ST,FRIENDLY AUTO BODY & TOWING," 99 MEADOW ST.  HARTFORD, CT. 06114",860-296-8588,CT,510YYL,1993,TOYT,COROLLA,RED,2022015,539
304492, 120 HUNGERFORD ST,FRIENDLY AUTO BODY & TOWING," 99 MEADOW ST.  HARTFORD, CT. 06114",860-296-8588,CT,XI22,2014,CHEVY,SILVERADO,SILVER,2022015,539
304493,  26 RUSS ST,FRIENDLY AUTO BODY & TOWING," 99 MEADOW ST.  HARTFORD, CT. 06114",860-296-8588,CT,252ZTE,2003,NISS,ATL,GRY,2022015,539
304494,  26 RUSS ST,FRIENDLY AUTO BODY & TOWING," 99 MEADOW ST.  HARTFORD, CT. 06114",860-296-8588,CT,6ALSF1,1999,VOLVO,V70,GRY,2022015,539
304495,  31 WOLCOTT ST,FRIENDLY AUTO BODY & TOWING," 99 MEADOW ST.  HARTFORD, CT. 06114",860-296-8588,CT,2K137,1985,TOYT,COROLLA,BLU,2022015,540
304496,  31 WOLCOTT ST,FRIENDLY AUTO BODY & TOWING," 99 MEADOW ST.  HARTFORD, CT. 06114",860-296-8588,MA,98ZZ85,2004,CADI,SRX,RED,2022015,540
304497,  31 WOLCOTT ST,RENO'S AUTO BODY," 525 FRANKLIN AV. HARTFORD, CT 06114",860-296-1518,MA,1CX277,1999,ACURA,32TL,RED,2022015,540
304498,  20 PUTNAM HTS,FRIENDLY AUTO BODY & TOWING," 99 MEADOW ST.  HARTFORD, CT. 06114",860-296-8588,CT,1496CS,2001,LEXS,IS300,GRY,2022015,540
304499,   2 MORTSON ST,FRIENDLY AUTO BODY & TOWING," 99 MEADOW ST.  HARTFORD, CT. 06114",860-296-8588,CT,788YFZ,1994,TOYT,COROLLA,BLU,2022015,540
304500,  32 ELLSWORTH ST,MODERN GARAGE," 100A,AIRPORT RD,HARTFORD,CT,06114",860-296-9663,CT,7ALJS9,1998,CADI,SEVILLE,GRY,2022015,541
304501,  30 ELLSWORTH ST,"CENTRAL AUTO & TRANSPORT, LLC"," 195 MAXIM RD. HARTFORD, CT 06114",860-246-7616,CT,723YEC,1998,HONDA,CIVIC,GRN,2022015,541
304503,  75 WEBSTER ST,"CENTRAL AUTO & TRANSPORT, LLC"," 195 MAXIM RD. HARTFORD, CT 06114",860-246-7616,CT,7AHFG9,2003,INFI,I35,BLK,2022015,541
304504,  59 WEBSTER ST,MODERN GARAGE," 100A,AIRPORT RD,HARTFORD,CT,06114",860-296-9663,CT,OAMTH6,2000,JAGAR,S,GRAY,2022015,541
304505,  59 WEBSTER ST,"CENTRAL AUTO & TRANSPORT, LLC"," 195 MAXIM RD. HARTFORD, CT 06114",860-246-7616,MA,1GM747,2015,TOYOTA,HIGHLANDER,BLACK,2022015,541
304506,  37 WEBSTER ST,"CENTRAL AUTO & TRANSPORT, LLC"," 195 MAXIM RD. HARTFORD, CT 06114",860-246-7616,CT,868ZBZ,1992,LEXUS,LS400,BROWN,2022015,541
304507,  37 CROWN ST,"CENTRAL AUTO & TRANSPORT, LLC"," 195 MAXIM RD. HARTFORD, CT 06114",860-246-7616,CT,896ZUJ,2002,HONDA,CRV,WHITE,2022015,541
304508,1994 BROAD ST,"CENTRAL AUTO & TRANSPORT, LLC"," 195 MAXIM RD. HARTFORD, CT 06114",860-246-7616,CT,6ALSG1,1995,GEO,PRIZM,TAN,2022015,541
304509, 324 WEST PRESTON ST,"CENTRAL AUTO & TRANSPORT, LLC"," 195 MAXIM RD. HARTFORD, CT 06114",860-246-7616,CT,1ASDH8,2002,ACURA,3 2 TL,BLACK,2022015,541
304510,   1 UNION PL,MODERN GARAGE," 100A,AIRPORT RD,HARTFORD,CT,06114",860-296-9663,CT,440CHB,2002,FORD,RANGER,BLK,2022015,555
304511,   1 UNION PL,MODERN GARAGE," 100A,AIRPORT RD,HARTFORD,CT,06114",860-296-9663,GA,PJF8745,2013,JEEP,WRANGLER,BLK,2022015,555
304514, 222 MAPLE AV,CENTRAL GARAGE," 36 BOND ST. HARTFORD,CT 06114",860-296-1426,RI,482821,1996,HONDA,ACCORD,GOLD,2022015,559
304515,  10 BOND ST,METRO AUTOBODY & TOWING INC, 722 WETHERSFIELD AV  HARTFORD CT 06114,860-947-3062,CT,747ZMF,1994,LEXUS,ES300,BLACK,2022015,559
304516,  43 CAMPFIELD AV,CENTRAL GARAGE," 36 BOND ST. HARTFORD,CT 06114",860-296-1426,CT,854ZXH,1993,TOTY,COROLLA,GREEN,2022015,559
304517,  53 CAMPFIELD AV,CENTRAL GARAGE," 36 BOND ST. HARTFORD,CT 06114",860-296-1426,CT,6ARHD2,2015, MITS,OUTLANDER,BLACK,2022015,559
304518,   1 STEDMAN ST,METRO AUTOBODY & TOWING INC, 722 WETHERSFIELD AV  HARTFORD CT 06114,860-947-3062,CT,9AAJN2,2001,DODGE,GRAND SP,BLUE,2022015,559
304519,   1 STEDMAN ST,CENTRAL GARAGE," 36 BOND ST. HARTFORD,CT 06114",860-296-1426,CT,3320CL,2005,NISS,TITAN,GRY,2022015,600
304521,  57 ANNAWAN ST,METRO AUTOBODY & TOWING INC, 722 WETHERSFIELD AV  HARTFORD CT 06114,860-947-3062,CT,6AARU8,2002,HONDA,ACCORD COU,BLK,2022015,600
304522,  20 ELLIOTT PL,CENTRAL GARAGE," 36 BOND ST. HARTFORD,CT 06114",860-296-1426,PA,GHX2055,2013,VW,GOLF,SILVER,2022015,600
304523,  57 BODWELL ST,CENTRAL GARAGE," 36 BOND ST. HARTFORD,CT 06114",860-296-1426,CT,1APMH0,2001,VOLVO,S60  4DR,GRY,2022015,600
304524,  69 NATICK ST,A & N AUTO," 1516,PARK ST,HARTFORD,CT,06106",860-233-7079,CT,0ALGL1,2005,TOYT,RAV4,GRN,2022015,632
304525, 176 DART ST,A & N AUTO," 1516,PARK ST,HARTFORD,CT,06106",860-233-7079,CT,820ZZA,1995,FORD,EXPLORER,WHT,2022015,632
304526, 176 DART ST,A & N AUTO," 1516,PARK ST,HARTFORD,CT,06106",860-233-7079,CT,2392CY,1994,DODGE,1500,GRN,2022015,632
304527, 176 DART ST,A & N AUTO," 1516,PARK ST,HARTFORD,CT,06106",860-233-7079,CT,8ASDE2,2002,HONDA,CIVIC,GRAY,2022015,632
304528, 317 HILLSIDE AV,A & N AUTO," 1516,PARK ST,HARTFORD,CT,06106",860-233-7079,CT,0ANBT4,2003,BMW,325I,BLUE,2022015,632
304529,  55 HUGHES ST,A & N AUTO," 1516,PARK ST,HARTFORD,CT,06106",860-233-7079,CT,347ZTK,1997,ACURA,2.5,GRAY,2022015,632
304530,  55 HUGHES ST,A & N AUTO," 1516,PARK ST,HARTFORD,CT,06106",860-233-7079,CT,560ZSY,2001,CHRYSLER,CONCORDE,WHITE,2022015,632
304531,  18 CURTISS ST,A & N AUTO," 1516,PARK ST,HARTFORD,CT,06106",860-233-7079,CT,6AGXA7,2003,CHEVY,TRACKER,BLUE,2022015,632
304532, 294 PARK TER,A & N AUTO," 1516,PARK ST,HARTFORD,CT,06106",860-233-7079,CT,9AHFL7,2000,HONDA,CIVIC,GRAY,2022015,632
304533, 304 PARK TER,A & N AUTO," 1516,PARK ST,HARTFORD,CT,06106",860-233-7079,CT,1AHMX5,2014,KIA,OPTIMA,GRAY,2022015,632
304535,  20 KENNETH ST,"CENTRAL AUTO & TRANSPORT, LLC"," 195 MAXIM RD. HARTFORD, CT 06114",860-246-7616,CT,539XTX,2010,HONDA,ACCORD,BLK,2022015,830
304536,  40 KENNETH ST,MODERN GARAGE," 100A,AIRPORT RD,HARTFORD,CT,06114",860-296-9663,CT,0ARGW8,2003,MAZDA,PROTEGE,GRAY,2022015,658
304537,  10 KENNETH ST,"CENTRAL AUTO & TRANSPORT, LLC"," 195 MAXIM RD. HARTFORD, CT 06114",860-246-7616,CT,761WFH,2000,CADILAC,DEVILLE,GRAY,2022015,658
304538,  50 KENNETH ST,"CENTRAL AUTO & TRANSPORT, LLC"," 195 MAXIM RD. HARTFORD, CT 06114",860-246-7616,CT,618XZR,2009,MAZDA,5,WHITE,2022015,658
304539,  68 WHITE ST,MODERN GARAGE," 100A,AIRPORT RD,HARTFORD,CT,06114",860-296-9663,MA,46HH01,2000,BMW,323CI,GRAY,2022015,658
304540, 267 GRANDVIEW TER,MODERN GARAGE," 100A,AIRPORT RD,HARTFORD,CT,06114",860-296-9663,CT,6AAEA9,2002,FORD,RANGER,GREEN,2022015,658
304541,  36 WHITE ST,MODERN GARAGE," 100A,AIRPORT RD,HARTFORD,CT,06114",860-296-9663,CT,1ADJT9,2004,ACURA,TL,RED,2022015,658
304543,   5 DOUGLAS ST,MODERN GARAGE," 100A,AIRPORT RD,HARTFORD,CT,06114",860-296-9663,CT,0AKUV5,1998,HONDA,ACCORD,TAN,2022015,658
304545,  31 SEYMS ST,CROSS COUNTRY AUTO," 585 WINDOSR ST. HARTFORD, CT 06120",860-296-2826,CT,1ABKT8,1999,HONDA,ODYSSEY,GRN,2022015,717
304546,  22 SEYMS ST,CAPITOL TOWING," 181-211 WALNUT ST. HARTFORD, CT. 06120",860-293-2442,CT,710ZXY,1999,BUICK,CENTURY,TAN,2022015,717
304547,   1 BELDEN ST,CAPITOL TOWING," 181-211 WALNUT ST. HARTFORD, CT. 06120",860-293-2442,CT,3ALGM8,2015,FORD,TAURUS,RED,2022015,717
304548, 441 GARDEN ST,CROSS COUNTRY AUTO," 585 WINDOSR ST. HARTFORD, CT 06120",860-296-2826,CT,6AHVD9,2001,KIA,SEPHIA,GRAY,2022015,717
304549,  75 PLINY ST,CROSS COUNTRY AUTO," 585 WINDOSR ST. HARTFORD, CT 06120",860-296-2826,CT,281ZGA,2001,HYUNDAI,SONATA,GRAY,2022015,717
304550, 154 BROOK ST,CAPITOL TOWING," 181-211 WALNUT ST. HARTFORD, CT. 06120",860-293-2442,NY,GSW8575,2013,HYUNDAI,ELANTRA,WHITE,2022015,718
304551, 154 BROOK ST,CROSS COUNTRY AUTO," 585 WINDOSR ST. HARTFORD, CT 06120",860-296-2826,CT,214YWT,2006,JEEP,GR CHEROKE,GRY,2022015,813
304552,  69 MANSFIELD ST,CROSS COUNTRY AUTO," 585 WINDOSR ST. HARTFORD, CT 06120",860-296-2826,CT,8AMTW2,2000,CHRYSLER,CONCORDE,TAN,2022015,718
304553,  28 WEST RAYMOND ST,CAPITOL TOWING," 181-211 WALNUT ST. HARTFORD, CT. 06120",860-293-2442,CT,370TDJ,2005,NISSAN,ALTIMA,BLUE,2022015,718
304554, 207 VINE ST,CROSS COUNTRY AUTO," 585 WINDOSR ST. HARTFORD, CT 06120",860-296-2826,CT,8APLJ1,1999,HONDA,ACCORD,WHITE,2022015,718
304555,  20 WARD PL,CAPITOL AUTOMOTIVE LLC," 971 CAPITOL AV. HARTFORD,CT 06106",860-236-2602,CT,0ARAE2,2000,PLYMOUTH,NEON,WHITE,2022015,719
304556,  71 WARD PL,RENO'S AUTO BODY," 525 FRANKLIN AV. HARTFORD, CT 06114",860-296-1518,CT,5AFFU2,2004,HONDA,ACCORD,GRAY,2022015,719
304557, 425 ZION ST,RENO'S AUTO BODY," 525 FRANKLIN AV. HARTFORD, CT 06114",860-296-1518,CT,6AFKF6,1996,TOYOTA,CAMRY,TAN,2022015,719
304558, 426 ZION ST,CAPITOL AUTOMOTIVE LLC," 971 CAPITOL AV. HARTFORD,CT 06106",860-236-2602,CT,8AKKP8,1993,TOYOTA,CAMRY,TAN,2022015,719
304559, 428 ZION ST,RENO'S AUTO BODY," 525 FRANKLIN AV. HARTFORD, CT 06114",860-296-1518,NY,ZES5562,2008,HONDA,ACCORD,BLACK,2022015,719
304560,  20 HUNTINGTON ST,CAPITOL TOWING," 181-211 WALNUT ST. HARTFORD, CT. 06120",860-293-2442,CT,5AMUE0,2001,FORD,EXPLORER,RED,2022015,729
304561,   2 HUNTINGTON ST,"CORONA'S AUTO PARTS,INC.", 608 WETHERSFIELD AV. HARTFORD CT. 06114,860-296-5382,MI,CMX4596,2013,FORD,4D,,2022015,729
304562, 106 GILLETT ST,"CORONA'S AUTO PARTS,INC.", 608 WETHERSFIELD AV. HARTFORD CT. 06114,860-296-5382,CA,6PAH714,2011,TOYOTA,,BLACK,2022015,729
304563, 104 NILES ST,CAPITOL AUTOMOTIVE LLC," 971 CAPITOL AV. HARTFORD,CT 06106",860-236-2602,CT,9AGNG4,2001,NISSAN,MAXIMA,TAN,2022015,729
304564,   8 NILES ST,"CORONA'S AUTO PARTS,INC.", 608 WETHERSFIELD AV. HARTFORD CT. 06114,860-296-5382,CT,8AAUE7,2010,NISSAN,SENTRA,BLK,2022015,729
304565, 123 WOOSTER ST,MODERN GARAGE," 100A,AIRPORT RD,HARTFORD,CT,06114",860-296-9663,CT,2ADHB6,1997,HOND,CIV  COUPE,RED,2022015,751
304566,  12 WOOSTER ST,RENO'S AUTO BODY," 525 FRANKLIN AV. HARTFORD, CT 06114",860-296-1518,CT,861ZBD,2002,MERC,SABLE  4DR,GRY,2022015,751
304567, 123 WOOSTER ST,METRO AUTOBODY & TOWING INC, 722 WETHERSFIELD AV  HARTFORD CT 06114,860-947-3062,,,2003,HYUNDIA,TIBURON,GRY,2022015,751
304568,BARBOUR ST & CLEVELAND AV,WHITEY'S FRAME SHOP," 305 WEST SERVICE RD. HARTFORD, CT 06120",860-246-6871,CT,4AMKR5,2012,HONDA,ACCORD  4D,GRY,2022015,800
304571,  54 STANWOOD ST,A & N AUTO," 1516,PARK ST,HARTFORD,CT,06106",860-233-7079,CT,2ARNP4,1996,HONDA,CIVIC,BLACK,2022015,811
304572,  54 STANWOOD ST,A & N AUTO," 1516,PARK ST,HARTFORD,CT,06106",860-233-7079,MA,629TJ6,2004,INFINITI,G35,BLACK,2022015,811
304573,  90 ROSLYN ST,A & N AUTO," 1516,PARK ST,HARTFORD,CT,06106",860-233-7079,CT,574YTV,2002,OLDSMOBILE,ALERO,BLACK,2022015,811
304574,   1 BRINLEY AV,A & N AUTO," 1516,PARK ST,HARTFORD,CT,06106",860-233-7079,CT,2APAK3,2001,OLDSMOBILE,AURORA,WHITE,2022015,811
304575,  14 GIDDINGS ST,A & N AUTO," 1516,PARK ST,HARTFORD,CT,06106",860-233-7079,CT,56CA12,2007,FORD,E250,WHITE,2022015,811
304576,  38 GIDDINGS ST,A & N AUTO," 1516,PARK ST,HARTFORD,CT,06106",860-233-7079,CT,126539,1983,CHEVY,G30,BLUE,2022015,811
304581, 399 ZION ST,RENO'S AUTO BODY," 525 FRANKLIN AV. HARTFORD, CT 06114",860-296-1518,CT,439ZVR,2000,FORD,EXPLORER,GRN,2022015,818
304582, 150 FRANCIS AV,CAPITOL AUTOMOTIVE LLC," 971 CAPITOL AV. HARTFORD,CT 06106",860-236-2602,CT,4APRD7,2005,KIA,RIO,RED,2022015,818
304583,  10 MADISON AV,RENO'S AUTO BODY," 525 FRANKLIN AV. HARTFORD, CT 06114",860-296-1518,CT,1ANUP8,2005,HYUNDAI,ELANTRA,BLUE,2022015,818
304584,  12 MERRILL ST,FRIENDLY AUTO BODY & TOWING," 99 MEADOW ST.  HARTFORD, CT. 06114",860-296-8588,CT,521ZYB,2013,TOYOTA,COROLLA,RED,2022015,818
304585,  12 MERRILL ST,FRIENDLY AUTO BODY & TOWING," 99 MEADOW ST.  HARTFORD, CT. 06114",860-296-8588,CT,505ZGW,2001,CHEVY,BLAZER,RED,2022015,818
304586, 188 PRESTON ST,METRO AUTOBODY & TOWING INC, 722 WETHERSFIELD AV  HARTFORD CT 06114,860-947-3062,CT,4566CZ,2003,FORD,F150,GRN,2022015,836
304587, 160 PRESTON ST,METRO AUTOBODY & TOWING INC, 722 WETHERSFIELD AV  HARTFORD CT 06114,860-947-3062,CT,957TNC,2004,TOYT,4 RUNNER,TAN,2022015,836
304588, 150 OTIS ST,CENTRAL GARAGE," 36 BOND ST. HARTFORD,CT 06114",860-296-1426,CT,967WKN,2003,HONDA,CIVIC,GRY,2022015,836
304589, 100 BUSHNELL ST,METRO AUTOBODY & TOWING INC, 722 WETHERSFIELD AV  HARTFORD CT 06114,860-947-3062,CT,0ABNG0,1996,PONT,SUNFIRE,GRN,2022015,836
304590, 157 BUSHNELL ST,CENTRAL GARAGE," 36 BOND ST. HARTFORD,CT 06114",860-296-1426,CT,4AFHD5,2004,HOND,ACCORD,BLK,2022015,836
304591,  84 WHITMORE ST,METRO AUTOBODY & TOWING INC, 722 WETHERSFIELD AV  HARTFORD CT 06114,860-947-3062,MA,597HT1,1999,FORD,TAURUS,BLU,2022015,836
304596,   8 NILES ST,CAPITOL AUTOMOTIVE LLC," 971 CAPITOL AV. HARTFORD,CT 06106",860-236-2602,SC,KED935,2011,CHEVY,IMPALA,GRAY,2022015,855
304597, 352 LAUREL ST,CAPITOL AUTOMOTIVE LLC," 971 CAPITOL AV. HARTFORD,CT 06106",860-236-2602,CT,398YXP,2005,HONDA,CIVIC,GRAY,2022015,855
304598, 240 LAUREL ST,"CORONA'S AUTO PARTS,INC.", 608 WETHERSFIELD AV. HARTFORD CT. 06114,860-296-5382,TX,BZK5047,1996,HONDA,,GRY,2022015,855
304599, 180 FARMINGTON AV,"CORONA'S AUTO PARTS,INC.", 608 WETHERSFIELD AV. HARTFORD CT. 06114,860-296-5382,CT,5ANSX0,2015,NISSAN,ALTIMA,BLK,2022015,855
304600,  17 CASE ST,CAPITOL TOWING," 181-211 WALNUT ST. HARTFORD, CT. 06120",860-293-2442,CT,7AMEGO,2003,TOYOTA,CAMRY,BLK,2022015,855
304601, 129 GRANDVIEW TER,FRIENDLY AUTO BODY & TOWING," 99 MEADOW ST.  HARTFORD, CT. 06114",860-296-8588,CT,1ADHK9,1999,DODGE,DURANGO,RED,2022015,902
304602,  15 NEWBURY ST,FRIENDLY AUTO BODY & TOWING," 99 MEADOW ST.  HARTFORD, CT. 06114",860-296-8588,CT,880UDM,2000,TOYT,RAV4,WHT,2022015,902
304603,  60 NEWBURY ST,FRIENDLY AUTO BODY & TOWING," 99 MEADOW ST.  HARTFORD, CT. 06114",860-296-8588,CT,9ALJW5,1998,HOND,ACC,GRN,2022015,902
304604,  10 FAIRFIELD AV,FRIENDLY AUTO BODY & TOWING," 99 MEADOW ST.  HARTFORD, CT. 06114",860-296-8588,CT,2D861,1975,CHEV,CAPRICE,BLK,2022015,902
304606, 330 NEW PARK AV,CENTRAL GARAGE," 36 BOND ST. HARTFORD,CT 06114",860-296-1426,CT,9ANRV3,2002,MITS,LANCER  4D,WHT,2022015,911
304607, 404 BARBOUR ST,A & N AUTO," 1516,PARK ST,HARTFORD,CT,06106",860-233-7079,CT,2AAFH7,2000,BUICK,CENTURY,TAN,2022015,946
304608,  17 OWEN ST,WHITEY'S FRAME SHOP," 305 WEST SERVICE RD. HARTFORD, CT 06120",860-246-6871,CT,237ZOS,2010,HOND,CIV  4DR,TAN,2022015,954
304609,  17 OWEN ST,WHITEY'S FRAME SHOP," 305 WEST SERVICE RD. HARTFORD, CT 06120",860-246-6871,CT,681ZMW,2012,NISS,VERSA  4DR,GRY,2022015,954
304610,  12 LORRAINE ST,WHITEY'S FRAME SHOP," 305 WEST SERVICE RD. HARTFORD, CT 06120",860-246-6871,CT,1ALGJ7,2014,HONDA,ACCRD COUP,WHT,2022015,954
304613,  10 OWEN ST,CAPITOL TOWING," 181-211 WALNUT ST. HARTFORD, CT. 06120",860-293-2442,MA,4NXT50,2014,HYUNDIA,ACCENT HTC,GRY,2022015,1014
304614,  10 OWEN ST,CAPITOL TOWING," 181-211 WALNUT ST. HARTFORD, CT. 06120",860-293-2442,NY,DAX5287,2003,FORD,RANGER,BLK,2022015,1014
304616,  38 SOUTH WHITNEY ST,FRIENDLY AUTO BODY & TOWING," 99 MEADOW ST.  HARTFORD, CT. 06114",860-296-8588,CT,6APGU2,2008,CHEVY,MALIBU,TAN,2022015,1019
304617,  65 ORANGE ST,FRIENDLY AUTO BODY & TOWING," 99 MEADOW ST.  HARTFORD, CT. 06114",860-296-8588,CT,133TZE,2007,VW,RABBIT,GRY,2022015,1019
304618, 226 SOUTH WHITNEY ST,FRIENDLY AUTO BODY & TOWING," 99 MEADOW ST.  HARTFORD, CT. 06114",860-296-8588,CT,701ZOM,2005,HYUN,ELANTRA,TAN,2022015,1019
304619,SOUTH WHITNEY ST & WEST BLVD,FRIENDLY AUTO BODY & TOWING," 99 MEADOW ST.  HARTFORD, CT. 06114",860-296-8588,FL,BVRJ45,2001,DODGE,STRATUS,TAN,2022015,1019
304621,  33 GRAY ST,CROSS COUNTRY AUTO," 585 WINDOSR ST. HARTFORD, CT 06120",860-296-2826,CT,7AANN1,2001,CHEV,BLAZER,BLU,2022015,1024
304622,   9 FALES ST,CROSS COUNTRY AUTO," 585 WINDOSR ST. HARTFORD, CT 06120",860-296-2826,CT,602PRC,2007,NISS,ALTIMA  4D,GRY,2022015,1024
304623,   2 OWEN ST,"CORONA'S AUTO PARTS,INC.", 608 WETHERSFIELD AV. HARTFORD CT. 06114,860-296-5382,CT,8ARGR0,2002,TOYOTA,CAMRY,BLUE,2022015,1045
304624,  50 OWEN ST,"CORONA'S AUTO PARTS,INC.", 608 WETHERSFIELD AV. HARTFORD CT. 06114,860-296-5382,CT,6AFUP4,1997,SUBARU,LEGACY,GREEN,2022015,1045
304628,  50 BEACON ST,RENO'S AUTO BODY," 525 FRANKLIN AV. HARTFORD, CT 06114",860-296-1518,NY,GUJ6965,2015,TOYT,COROLLA  4,BLK,2022015,1054
304629,  50 BEACON ST,RENO'S AUTO BODY," 525 FRANKLIN AV. HARTFORD, CT 06114",860-296-1518,NY,GRD6553,2013,HONDA,FIT  4DR,WHT,2022015,1054
304632,1009 WEST BLVD,CAPITOL TOWING," 181-211 WALNUT ST. HARTFORD, CT. 06120",860-293-2442,CT,655ZYN,2001,LEXUS,GS430  4DR,PLE,2022015,1059
304638,MAIN ST & HARRIET TUBMAN CT,CAPITOL AUTOMOTIVE LLC," 971 CAPITOL AV. HARTFORD,CT 06106",860-236-2602,CT,620ZLP,2007,HYUNDIA,SONATA  4D,,2022015,1319
304640,2757 MAIN ST,"CORONA'S AUTO PARTS,INC.", 608 WETHERSFIELD AV. HARTFORD CT. 06114,860-296-5382,CT,5ALXW8,2014,DODGE,CHARGER  4,WHT,2022015,1322
304643,  29 NORTH BEACON ST,CROSS COUNTRY AUTO," 585 WINDOSR ST. HARTFORD, CT 06120",860-296-2826,CT,4AMWW0,2011,HOND,ACCORD,BLK,2022015,1715
304644,   1 KINSLEY ST,FRIENDLY AUTO BODY & TOWING," 99 MEADOW ST.  HARTFORD, CT. 06114",860-296-8588,PA,JHP8327,2008,TOYT,SCION,WHI,2022015,1809
304645,   1 KINSLEY ST,METRO AUTOBODY & TOWING INC, 722 WETHERSFIELD AV  HARTFORD CT 06114,860-947-3062,CT,878ZFH,2012,NISS,ALTIMA,GRY,2022015,1812
304646,BEACON ST & FARMINGTON AV,MODERN GARAGE," 100A,AIRPORT RD,HARTFORD,CT,06114",860-296-9663,CT,8AAET7,1998,BMW,528I,GRN,2022015,1911
304648, 632 PROSPECT AV,RENO'S AUTO BODY," 525 FRANKLIN AV. HARTFORD, CT 06114",860-296-1518,CT,8AGDP0,1996,TOYT,RAV4,RED,2022015,2013
304649,CLEVELAND AV & GARDEN ST,"CENTRAL AUTO & TRANSPORT, LLC"," 195 MAXIM RD. HARTFORD, CT 06114",860-246-7616,CT,54984A,1998,FRHT,C120,RED,2022015,2037
304652,  38 ANSONIA ST,WHITEY'S FRAME SHOP," 305 WEST SERVICE RD. HARTFORD, CT 06120",860-246-6871,MA,991VX1,2006,CHEV,IMPALA,GRY,2032015,44
304656, 155 WETHERSFIELD AV,CENTRAL GARAGE," 36 BOND ST. HARTFORD,CT 06114",860-296-1426,CT,6ADHE9,2000,PLYM,NEON,GRY,2032015,255
304669,  90 BRAINARD RD,BENTON AUTO BODY," 155 FRANKLIN AV. HARTFORD, CT 06114",860-246-7771,CT,0AEWV9,1997,BUICK,RIVERIA,WHI,2032015,1155
,,,,,,,,,,,,
